votetsai,green,kmt,dpp,pfp,npp,noparty,unify,indep,statusquo,edu,taiwanese,income,age,south,dadmainland,female,econworse,inequality,pubwelf
0,0,0,0,0,0,1,0,0,1,4,1,8,59,0,0,1,0,1,1
1,0,0,0,0,0,1,0,1,0,5,0,7,39,0,0,1,0,1,1
0,0,1,0,0,0,0,0,0,1,5,0,8,63,0,0,0,1,1,1
0,0,0,0,0,0,1,0,1,0,2,1,5,55,0,0,0,1,1,0
0,0,0,0,0,0,1,0,0,0,1,0,,76,0,0,1,0,0,0
1,1,0,1,0,0,0,0,0,1,2,1,9,64,0,0,1,1,1,0
1,0,0,0,0,0,1,0,0,0,1,0,1,75,0,0,0,1,0,0
1,1,0,0,0,1,0,0,1,0,5,1,10,54,0,0,1,1,1,0
1,0,0,0,0,0,1,0,0,0,1,1,2,64,0,0,1,1,1,0
0,0,0,0,0,0,1,0,0,0,1,0,,59,0,0,0,1,1,0
1,1,0,1,0,0,0,0,1,0,1,1,3,66,0,0,0,1,1,0
1,1,0,1,0,0,0,0,1,0,2,1,,25,0,0,1,0,1,0
0,0,0,0,0,0,1,0,0,0,1,0,,92,0,1,1,0,0,0
0,0,1,0,0,0,0,0,1,0,5,1,9,41,0,1,1,0,1,1
0,0,1,0,0,0,0,0,0,1,5,0,1,57,0,0,1,1,0,0
1,0,0,0,0,0,1,0,0,0,1,0,,83,0,0,1,0,1,1
0,0,0,0,0,0,1,0,0,0,3,0,,51,0,0,1,1,1,0
0,0,0,0,0,0,1,0,0,1,4,0,10,61,0,0,0,0,1,0
1,1,0,0,0,1,0,0,0,1,5,1,5,43,0,0,0,1,1,0
1,1,0,1,0,0,0,0,1,0,5,1,9,44,0,0,0,1,1,0
0,0,1,0,0,0,0,0,0,1,4,1,8,39,0,0,1,0,1,1
0,0,1,0,0,0,0,0,0,1,3,1,,34,0,0,1,0,1,1
0,0,0,0,0,0,1,0,0,1,3,0,5,28,0,0,0,0,1,0
0,0,1,0,0,0,0,0,0,1,3,0,10,62,0,0,1,0,0,0
0,0,1,0,0,0,0,1,0,0,1,1,1,89,0,0,0,0,1,1
0,0,0,0,0,0,0,1,0,0,3,0,2,67,0,1,0,1,1,0
0,0,1,0,0,0,0,1,0,0,1,0,1,59,0,0,0,0,1,0
0,0,1,0,0,0,0,0,0,1,3,0,8,46,0,1,0,1,1,0
0,0,0,0,0,0,1,0,0,1,4,1,5,40,0,0,0,1,1,1
0,0,0,0,0,0,1,0,0,1,5,0,1,27,0,0,0,1,1,0
1,1,0,1,0,0,0,0,0,1,3,1,7,52,0,0,0,0,1,1
0,0,0,0,0,0,1,0,1,0,5,1,8,25,0,0,1,0,1,1
1,1,0,1,0,0,0,0,0,1,2,1,3,54,0,0,1,1,1,0
0,0,0,0,0,0,1,0,0,0,1,0,9,33,0,0,1,1,1,0
0,0,1,0,0,0,0,1,0,0,3,0,6,53,0,0,0,0,1,1
0,0,1,0,0,0,0,0,0,1,3,0,4,54,0,1,1,0,1,1
0,0,1,0,0,0,0,1,0,0,3,0,6,35,0,0,0,1,1,0
0,0,1,0,0,0,0,0,0,1,2,0,1,57,0,0,1,0,1,0
0,0,0,0,0,0,1,0,0,0,4,0,7,51,0,0,1,1,1,1
0,0,1,0,0,0,0,0,0,1,5,1,6,22,0,0,1,0,1,0
1,1,0,1,0,0,0,0,1,0,1,1,2,75,0,0,1,1,1,0
1,1,0,1,0,0,0,0,0,1,3,0,8,49,0,0,0,1,1,0
0,0,0,0,0,0,1,0,0,1,3,1,8,24,0,0,0,1,1,1
0,0,1,0,0,0,0,0,0,1,5,0,10,59,0,0,0,1,1,0
1,1,0,1,0,0,0,0,0,1,3,1,1,54,0,0,0,1,1,0
0,0,0,0,0,0,1,0,0,1,3,0,,47,0,1,1,0,1,1
0,0,0,0,0,0,1,0,0,0,1,1,9,65,0,0,1,0,1,0
0,0,0,0,0,0,1,0,1,0,1,1,,76,1,0,0,1,1,0
0,0,0,0,0,0,1,0,1,0,3,1,2,27,1,0,0,1,1,1
0,0,0,0,0,0,1,0,0,1,5,0,8,55,1,0,0,1,1,1
1,0,0,0,0,0,1,0,0,1,5,1,1,35,1,0,0,1,1,0
1,1,0,1,0,0,0,0,0,1,3,1,8,45,1,0,0,1,1,0
0,0,1,0,0,0,0,0,1,0,3,1,2,36,1,0,1,0,1,0
0,0,1,0,0,0,0,0,0,1,3,1,10,28,1,0,1,0,1,1
0,0,0,0,0,0,1,0,0,0,1,1,1,66,1,0,1,0,0,0
1,1,0,1,0,0,0,0,0,1,2,1,1,56,1,0,1,1,1,0
0,0,0,0,0,0,1,0,0,0,1,1,1,55,1,0,1,0,0,0
0,1,0,1,0,0,0,0,1,0,3,1,5,27,1,0,0,0,1,1
1,0,0,0,0,0,1,0,0,0,1,0,,72,1,0,0,0,0,0
1,1,0,1,0,0,0,0,0,1,3,1,8,47,1,0,0,1,1,0
0,0,0,0,0,0,1,1,0,0,3,0,3,50,1,0,1,0,1,0
0,0,1,0,0,0,0,0,0,1,4,0,6,41,1,0,1,0,1,1
1,1,0,1,0,0,0,0,0,1,4,1,8,58,1,0,0,1,1,0
0,0,1,0,0,0,0,0,0,1,3,1,1,38,1,0,0,1,1,1
0,0,0,0,0,0,1,0,0,1,3,1,4,38,1,0,0,1,1,0
1,0,0,0,0,0,1,1,0,0,1,1,,68,1,0,1,1,1,0
1,1,0,1,0,0,0,0,1,0,5,1,4,30,1,0,1,0,1,0
0,0,0,0,0,0,1,0,0,1,5,0,5,37,1,0,1,0,1,0
1,0,0,0,0,0,1,0,0,1,2,1,1,66,1,0,1,1,1,0
0,0,0,0,0,0,1,0,0,1,3,0,6,21,1,0,0,1,1,0
1,1,0,1,0,0,0,0,0,1,3,1,6,45,1,0,0,1,1,0
1,0,0,0,0,0,1,0,0,1,1,1,,56,1,0,1,1,1,0
0,0,1,0,0,0,0,1,0,0,4,0,4,48,1,0,1,0,1,0
0,0,1,0,0,0,0,0,0,1,3,0,1,53,1,0,0,0,0,1
1,1,0,1,0,0,0,0,0,1,5,1,3,31,1,0,1,1,1,1
0,0,0,0,0,0,1,0,0,1,1,1,1,68,1,0,1,1,1,0
1,0,0,0,0,0,1,0,0,1,3,0,2,65,1,0,0,1,1,1
0,0,1,0,0,0,0,0,0,1,3,1,5,47,1,0,0,1,1,1
0,1,0,1,0,0,0,0,1,0,3,1,7,21,1,0,0,1,1,1
0,0,0,0,0,0,1,0,0,1,3,1,2,47,1,0,1,1,1,1
0,1,0,1,0,0,0,0,1,0,5,1,,29,1,0,1,1,1,0
1,0,1,0,0,0,0,0,0,0,1,1,,65,1,0,1,0,1,1
0,0,1,0,0,0,0,0,0,1,1,1,,83,1,0,1,0,0,1
1,1,0,1,0,0,0,1,0,0,4,1,,36,1,0,1,0,1,0
0,0,0,0,0,0,1,0,0,1,5,1,,27,1,0,0,1,1,0
1,0,1,0,0,0,0,0,1,0,3,0,10,53,1,0,1,0,1,1
0,0,0,0,0,0,1,0,0,0,3,0,,44,1,0,1,1,1,1
0,0,0,0,0,0,1,0,1,0,5,1,4,34,1,0,0,1,1,0
0,0,0,0,0,0,1,0,0,0,1,1,,78,1,0,1,1,1,0
0,0,0,0,0,0,1,0,0,0,4,1,,58,1,0,0,1,1,1
0,0,0,0,0,0,1,0,0,1,1,0,2,51,1,0,0,1,1,0
0,0,0,0,0,0,1,0,0,0,1,1,1,86,1,0,1,1,1,0
0,0,0,0,0,0,1,0,0,1,1,1,1,52,1,0,1,0,1,0
0,0,0,0,0,0,1,0,0,0,1,1,1,63,1,0,1,0,1,0
0,0,1,0,0,0,0,0,0,1,3,0,4,40,1,0,1,1,1,0
1,1,0,1,0,0,0,0,0,1,4,1,6,35,1,0,0,1,1,0
1,1,0,1,0,0,0,0,1,0,4,1,,42,1,0,0,0,1,1
1,1,0,1,0,0,0,0,1,0,2,1,1,73,1,0,1,1,1,0
0,0,0,0,0,0,1,0,0,1,5,1,4,25,1,0,1,1,1,1
0,0,0,0,0,0,1,0,1,0,5,0,7,28,1,0,0,0,1,1
1,1,0,1,0,0,0,0,0,1,2,1,,55,1,0,0,0,1,0
1,1,0,1,0,0,0,0,0,0,3,1,3,49,1,1,0,1,1,1
0,0,0,0,0,0,1,0,0,1,5,1,10,26,1,0,1,0,1,1
1,1,0,1,0,0,0,1,0,0,1,1,,70,1,0,1,1,1,1
0,0,0,0,0,0,1,0,0,1,1,1,1,80,1,0,0,0,1,1
1,1,0,1,0,0,0,0,0,1,1,1,,68,1,0,1,1,1,0
0,0,0,0,0,0,1,0,0,1,1,0,1,69,1,0,0,0,1,1
1,1,0,1,0,0,0,0,0,1,1,1,9,58,1,0,1,0,1,0
1,1,0,1,0,0,0,0,0,1,1,1,4,75,1,0,1,0,1,1
1,1,0,1,0,0,0,0,0,1,3,1,,47,1,0,0,0,1,1
0,0,0,0,0,0,1,0,1,0,3,1,1,28,1,0,0,0,1,0
1,0,0,0,0,0,1,0,1,0,5,1,8,43,1,0,1,0,1,0
1,1,0,1,0,0,0,0,1,0,4,1,,37,1,0,0,0,1,1
1,1,0,1,0,0,0,0,1,0,5,1,5,37,1,0,1,1,1,0
0,0,0,0,0,0,1,0,0,1,1,1,,58,1,0,0,1,1,1
1,0,0,0,0,0,1,0,1,0,1,1,,90,1,0,1,0,1,0
1,0,0,0,0,0,1,0,1,0,3,1,3,41,1,0,0,0,1,0
1,0,0,0,0,0,1,0,0,1,2,1,2,49,1,0,0,1,1,0
0,0,0,0,0,0,1,1,0,0,5,0,4,35,1,0,0,0,0,0
1,1,0,1,0,0,0,0,1,0,5,1,3,21,1,0,1,1,1,0
1,0,0,0,0,0,1,0,0,1,1,1,3,67,1,0,1,0,1,0
0,0,0,0,0,0,1,0,1,0,3,1,7,45,1,0,1,1,1,0
1,1,0,1,0,0,0,0,1,0,1,1,3,37,1,0,1,1,1,1
1,1,0,1,0,0,0,0,1,0,1,1,1,60,1,0,1,0,1,0
0,0,0,0,0,0,1,0,0,1,3,0,3,48,1,0,0,0,1,0
0,1,0,1,0,0,0,0,0,1,3,0,5,42,1,0,1,0,1,1
0,0,1,0,0,0,0,0,0,1,5,1,8,22,1,0,1,0,1,0
0,0,0,0,0,0,1,0,0,1,3,1,5,38,1,0,0,1,1,0
1,0,0,0,0,0,1,1,0,0,2,0,1,33,1,0,1,0,0,0
0,0,1,0,0,0,0,0,0,1,3,1,5,36,1,0,1,1,1,1
1,1,0,1,0,0,0,0,1,0,3,1,1,44,1,0,0,1,1,0
0,1,0,1,0,0,0,0,1,0,5,1,5,28,1,0,0,0,1,0
1,1,0,1,0,0,0,0,1,0,1,1,4,67,1,0,0,1,1,0
1,1,0,1,0,0,0,0,1,0,1,1,,72,1,0,1,0,1,0
0,0,1,0,0,0,0,1,0,0,3,0,4,51,1,0,0,0,1,0
1,1,0,0,0,1,0,0,0,1,5,1,,22,1,0,0,0,1,0
1,1,0,1,0,0,0,0,1,0,3,1,1,27,1,0,1,1,1,1
1,0,0,0,0,0,1,0,0,0,1,1,1,79,1,0,1,0,1,0
1,0,0,0,0,0,1,0,0,1,1,1,3,59,1,0,1,0,1,0
0,0,0,0,0,0,1,1,0,0,3,0,1,63,1,1,0,1,1,0
0,1,0,1,0,0,0,0,1,0,3,0,3,41,1,0,0,1,1,0
0,0,0,0,0,0,1,0,0,1,3,1,1,49,1,0,0,1,1,0
1,1,0,1,0,0,0,0,1,0,4,1,1,40,1,0,1,1,1,0
0,0,1,0,0,0,0,0,1,0,5,0,8,34,1,0,0,0,1,1
0,0,0,0,0,0,1,0,0,0,1,0,1,87,1,0,0,0,0,0
1,0,0,0,0,0,1,0,0,0,1,1,3,67,1,0,1,0,1,0
1,0,0,0,0,0,1,0,0,1,3,1,,50,1,0,1,1,1,0
1,0,0,0,0,0,1,0,1,0,1,1,1,74,1,0,0,1,1,0
0,1,0,1,0,0,0,0,0,1,2,0,2,56,1,0,0,1,1,0
0,0,1,0,0,0,0,1,0,0,1,0,1,78,0,0,1,1,1,0
0,0,0,0,0,0,1,1,0,0,3,0,6,60,0,0,0,0,1,1
0,0,1,0,0,0,0,0,0,1,1,0,2,74,0,1,0,1,1,1
0,0,0,0,0,0,1,0,0,1,1,1,,72,0,0,1,1,1,0
1,0,0,0,0,0,1,0,0,1,5,1,,25,0,0,0,1,1,0
0,0,0,0,0,0,1,0,0,0,,0,,64,0,0,0,0,0,0
0,0,0,0,0,0,1,0,0,0,2,0,1,53,0,0,0,0,0,0
0,0,0,0,1,0,0,0,0,1,3,1,1,46,0,0,1,0,1,0
0,0,1,0,0,0,0,0,1,0,3,1,1,36,0,0,0,0,1,0
0,0,0,0,0,0,1,0,0,0,1,0,,55,0,0,1,0,0,0
0,1,0,1,0,0,0,0,0,1,3,1,5,34,0,0,0,1,1,0
0,0,1,0,0,0,0,0,0,1,5,0,5,55,0,0,1,0,1,0
0,0,0,0,0,0,1,0,0,1,5,0,,28,0,0,1,1,1,1
0,0,0,0,0,0,1,1,0,0,4,0,7,68,0,0,0,0,1,1
1,0,0,0,0,0,1,0,0,0,1,1,1,82,0,0,0,1,1,0
0,0,0,0,1,0,0,1,0,0,5,1,3,39,0,0,0,0,1,1
0,0,0,0,0,0,1,1,0,0,1,0,1,63,0,0,1,1,1,0
0,0,0,0,0,0,1,0,0,1,3,0,7,26,0,0,0,1,1,0
0,0,0,0,0,0,1,1,0,0,1,1,1,77,0,0,1,1,1,0
1,1,0,1,0,0,0,0,0,1,4,1,9,70,0,1,0,1,1,1
1,0,0,0,0,0,1,0,0,1,5,1,8,46,0,1,1,1,1,1
0,0,0,0,0,0,1,0,0,0,1,0,,66,0,0,1,1,0,1
0,0,1,0,0,0,0,0,0,1,5,0,8,21,0,0,0,0,1,0
0,0,0,0,1,0,0,1,0,0,5,0,5,42,0,1,0,0,1,0
0,0,0,0,0,0,1,1,0,0,3,0,6,56,0,1,0,1,1,0
0,0,1,0,0,0,0,0,0,1,5,0,7,25,0,1,1,0,1,0
0,0,1,0,0,0,0,0,1,0,1,1,,66,0,0,1,0,1,0
1,0,1,0,0,0,0,0,0,1,5,1,10,62,0,0,0,1,1,1
1,1,0,1,0,0,0,0,1,0,5,1,3,54,0,0,1,1,1,1
0,0,0,0,0,0,1,0,0,0,1,1,5,88,0,0,1,0,0,1
1,1,0,1,0,0,0,0,0,1,1,1,5,61,0,0,1,1,1,0
0,0,0,0,0,0,1,0,0,1,5,1,7,31,0,0,1,0,1,0
1,0,0,0,0,0,1,0,0,1,1,1,2,65,0,0,0,0,1,1
0,1,0,0,0,1,0,0,0,1,3,1,6,30,0,0,1,1,1,0
1,1,0,1,0,0,0,1,0,0,5,1,10,37,0,0,0,1,1,1
1,0,0,0,0,0,1,0,0,1,5,0,8,56,0,0,0,0,1,1
0,0,0,0,1,0,0,0,0,1,5,0,9,42,0,0,0,0,1,1
0,1,0,1,0,0,0,0,1,0,1,1,6,86,0,0,0,1,1,0
1,1,0,1,0,0,0,0,1,0,4,1,2,56,0,1,1,1,1,0
1,0,0,0,0,0,1,0,1,0,4,0,8,49,0,1,0,1,1,1
0,0,1,0,0,0,0,1,0,0,5,0,6,29,0,1,0,1,1,0
0,0,0,0,0,0,1,0,0,0,2,1,1,60,0,0,1,0,1,0
0,0,1,0,0,0,0,0,0,1,4,1,5,46,0,0,1,0,1,1
0,0,1,0,0,0,0,1,0,0,2,1,1,76,0,1,1,1,1,1
1,1,0,1,0,0,0,0,1,0,3,1,6,60,0,0,1,0,1,1
0,0,1,0,0,0,0,0,0,1,5,0,10,36,0,0,1,0,1,0
0,1,0,1,0,0,0,0,0,1,4,0,7,50,0,1,1,1,1,0
1,0,0,0,0,0,1,0,1,0,5,1,10,54,0,0,0,0,1,1
1,1,0,1,0,0,0,0,1,0,5,1,7,34,0,0,1,0,1,1
0,0,0,0,0,0,1,0,1,0,3,1,5,56,0,0,1,0,1,1
0,0,1,0,0,0,0,1,0,0,3,0,4,36,0,0,1,1,1,1
1,1,0,1,0,0,0,0,0,1,5,1,9,34,0,0,0,1,1,1
0,0,0,0,0,0,1,0,0,1,4,0,,38,0,0,0,1,1,1
1,1,0,1,0,0,0,0,0,1,2,1,1,57,0,0,0,1,1,0
0,0,0,0,0,0,1,0,1,0,5,0,7,29,0,0,0,0,1,0
1,1,0,1,0,0,0,0,1,0,2,1,2,60,0,0,1,1,1,0
0,0,1,0,0,0,0,1,0,0,1,0,3,87,0,1,0,0,1,1
1,1,0,1,0,0,0,0,0,1,5,1,,26,0,0,0,0,1,0
1,1,0,1,0,0,0,0,0,1,5,1,8,33,0,0,0,0,1,1
1,1,0,1,0,0,0,0,1,0,4,1,1,57,0,0,1,1,1,1
1,0,0,0,0,0,1,0,0,1,1,1,1,86,0,0,1,1,1,0
1,1,0,1,0,0,0,0,1,0,5,0,1,44,0,0,1,1,1,0
1,1,0,1,0,0,0,0,1,0,5,1,10,62,0,0,1,1,1,0
0,0,0,0,0,0,1,0,0,1,5,1,,44,0,0,0,0,1,1
1,1,0,1,0,0,0,0,1,0,5,1,10,22,0,0,0,1,1,1
0,0,0,0,0,0,1,0,0,1,5,0,7,51,0,0,1,1,1,1
0,0,1,0,0,0,0,1,0,0,3,0,,100,0,1,0,1,1,0
1,1,0,1,0,0,0,0,1,0,2,1,1,72,1,0,0,1,1,0
0,0,0,0,0,0,1,0,0,1,3,0,1,74,1,0,1,1,1,0
1,1,0,1,0,0,0,0,1,0,2,1,8,56,1,0,1,1,1,1
0,0,1,0,0,0,0,0,0,1,3,1,1,49,1,0,1,0,1,0
0,0,1,0,0,0,0,0,0,1,4,1,2,49,1,0,1,1,1,1
1,1,0,1,0,0,0,0,1,0,3,1,4,70,1,0,0,1,1,0
1,0,0,0,0,0,1,1,0,0,1,1,1,74,1,0,1,1,1,0
1,1,0,0,0,1,0,0,1,0,5,1,5,22,1,0,0,0,1,0
1,1,0,1,0,0,0,0,0,1,1,1,1,60,1,0,0,0,1,0
0,0,1,0,0,0,0,0,0,1,5,0,3,42,1,0,1,0,1,1
0,0,0,0,0,0,1,1,0,0,3,1,5,47,1,0,0,1,1,0
1,1,0,1,0,0,0,0,0,1,5,1,5,31,1,0,1,1,1,1
1,1,0,1,0,0,0,0,1,0,5,1,7,35,1,0,0,1,1,1
1,1,0,1,0,0,0,0,1,0,3,1,4,44,1,0,0,0,1,1
0,0,1,0,0,0,0,0,0,1,3,1,1,51,1,1,1,0,1,0
1,0,0,0,0,0,1,0,1,0,3,0,1,45,1,0,1,1,1,0
0,0,0,0,0,0,1,0,0,1,5,1,,25,1,0,0,1,1,0
0,0,1,0,0,0,0,1,0,0,3,1,1,59,1,0,1,0,1,0
0,0,0,0,0,0,1,0,0,1,1,0,,35,1,0,1,0,1,0
0,0,0,0,0,0,1,0,0,1,5,0,3,64,1,1,0,1,1,1
1,1,0,1,0,0,0,0,0,1,3,0,3,62,1,0,1,1,1,0
0,0,1,0,0,0,0,0,0,1,3,0,1,49,1,0,0,1,1,1
0,0,1,0,0,0,0,0,0,1,3,1,2,49,1,0,1,1,1,1
0,0,0,0,0,0,1,0,0,1,3,1,3,46,1,0,1,0,1,1
0,0,1,0,0,0,0,1,0,0,1,0,9,61,1,0,1,1,1,1
0,0,1,0,0,0,0,0,0,1,1,1,,80,1,0,1,0,1,1
0,0,0,0,0,0,1,0,0,1,2,1,,59,1,0,0,1,1,0
1,0,0,0,0,0,1,0,0,1,5,0,,22,1,0,0,0,1,1
1,1,0,1,0,0,0,0,1,0,5,1,5,28,1,0,1,0,1,1
1,1,0,1,0,0,0,0,0,1,3,0,1,64,1,0,1,0,1,1
1,1,0,1,0,0,0,0,0,1,3,1,6,58,1,0,1,1,1,0
1,1,0,1,0,0,0,0,0,1,2,1,8,57,1,0,0,0,1,0
0,0,0,0,0,0,1,0,0,0,3,0,,64,1,0,0,1,1,1
1,0,0,0,0,0,1,0,0,1,3,1,3,40,1,0,0,1,1,0
1,0,1,0,0,0,0,0,0,1,5,1,10,24,1,0,0,1,1,0
0,1,0,0,0,1,0,0,1,0,5,1,,33,1,0,1,1,1,1
0,0,1,0,0,0,0,1,0,0,4,0,4,61,1,1,0,0,1,1
1,1,0,1,0,0,0,0,0,1,1,1,,65,1,0,1,1,1,0
1,1,0,1,0,0,0,1,0,0,5,1,7,53,1,0,0,1,1,1
1,1,0,1,0,0,0,0,1,0,5,1,9,34,1,0,0,0,1,1
1,0,0,0,0,0,1,0,1,0,1,1,1,59,1,0,1,1,1,0
0,0,1,0,0,0,0,0,0,1,3,0,8,55,1,0,0,1,1,1
1,1,0,1,0,0,0,0,1,0,4,1,,61,1,0,0,1,1,1
1,1,0,1,0,0,0,0,1,0,2,1,4,48,1,0,0,1,1,0
1,0,0,0,0,0,1,0,0,0,1,0,,81,1,0,1,0,1,0
1,1,0,1,0,0,0,0,0,0,5,0,5,64,1,0,0,1,1,0
0,0,1,0,0,0,0,0,0,1,1,0,1,91,1,1,0,1,1,0
1,0,1,0,0,0,0,0,1,0,3,1,6,35,1,0,0,0,1,0
1,1,0,1,0,0,0,0,1,0,1,1,,65,1,0,1,1,1,1
1,0,0,0,0,0,1,0,1,0,5,1,8,43,1,0,0,1,1,1
0,0,1,0,0,0,0,0,0,1,3,0,2,52,1,0,1,1,1,1
0,0,0,0,0,0,1,0,0,1,1,1,,55,1,0,1,1,1,0
0,0,0,0,0,0,1,0,0,1,4,1,,33,1,0,0,0,1,1
0,0,0,0,0,0,1,0,0,1,3,1,,35,1,0,1,1,1,1
0,0,0,0,0,0,1,0,0,1,2,1,,53,1,0,0,1,1,0
0,0,0,0,0,0,1,0,0,1,3,1,,39,1,0,0,1,1,0
1,1,0,1,0,0,0,1,0,0,1,1,6,63,0,0,0,1,1,0
0,0,1,0,0,0,0,1,0,0,5,1,10,60,0,0,0,1,1,1
0,1,0,1,0,0,0,0,1,0,2,0,8,56,0,0,0,1,1,0
1,1,0,1,0,0,0,0,0,1,4,0,,42,0,0,0,1,1,0
0,0,0,0,0,0,1,0,0,0,5,0,6,55,0,0,1,1,1,0
0,0,1,0,0,0,0,0,0,1,5,1,,61,0,1,1,1,1,0
1,1,0,1,0,0,0,0,1,0,3,1,7,53,0,0,1,1,1,0
0,0,0,0,0,0,1,0,1,0,2,0,1,75,0,0,0,1,1,0
1,1,0,1,0,0,0,0,0,1,5,0,10,40,0,0,0,1,1,0
0,0,0,0,1,0,0,0,0,1,3,0,5,42,0,0,0,0,1,1
1,1,0,1,0,0,0,0,1,0,1,1,1,57,0,0,1,0,1,1
0,0,1,0,0,0,0,0,0,1,5,1,3,26,0,0,0,0,0,0
0,0,1,0,0,0,0,0,0,1,5,0,,41,0,0,0,1,1,1
1,1,0,1,0,0,0,1,0,0,3,0,9,73,0,0,0,0,1,0
0,0,0,0,0,0,1,0,0,1,3,1,9,27,0,0,0,0,1,0
0,0,1,0,0,0,0,0,0,1,5,0,7,34,0,0,0,0,1,1
1,1,0,1,0,0,0,0,0,1,1,1,6,66,0,0,1,1,1,0
0,0,0,0,1,0,0,0,0,1,5,0,7,42,0,0,1,0,1,1
0,0,1,0,0,0,0,1,0,0,3,0,2,67,0,1,0,0,1,1
0,0,1,0,0,0,0,0,0,1,5,1,7,44,0,0,1,1,1,1
1,1,0,1,0,0,0,0,0,1,2,1,4,48,0,0,0,1,1,0
0,0,0,0,0,0,1,0,0,1,3,1,3,40,0,1,1,0,1,0
0,0,1,0,0,0,0,0,0,1,4,0,8,51,0,1,0,0,1,1
0,0,0,0,0,0,1,0,0,1,3,0,7,62,0,0,1,1,1,1
0,0,1,0,0,0,0,0,0,1,3,0,5,46,0,1,1,1,0,1
0,0,0,0,1,0,0,0,1,0,4,1,7,55,0,1,0,0,0,1
0,0,1,0,0,0,0,0,1,0,5,1,5,21,0,0,1,0,1,1
0,0,0,0,0,0,1,0,0,1,5,0,3,49,0,0,0,1,1,1
0,0,0,0,0,0,1,0,0,1,5,0,,32,0,0,0,0,0,0
0,0,1,0,0,0,0,0,0,1,3,0,10,25,0,0,0,1,1,1
1,1,0,1,0,0,0,0,1,0,3,1,9,51,0,0,1,1,1,0
0,0,1,0,0,0,0,0,0,1,3,0,6,62,0,0,0,1,1,0
1,1,0,0,0,1,0,0,1,0,5,0,6,24,0,0,0,1,1,1
0,0,1,0,0,0,0,0,0,1,5,0,10,64,0,1,1,1,1,0
0,0,1,0,0,0,0,0,0,1,4,0,5,38,0,0,0,1,1,1
0,0,1,0,0,0,0,0,0,1,5,0,10,46,0,0,1,0,1,1
0,0,0,0,1,0,0,0,1,0,5,0,8,41,0,0,1,0,1,1
0,0,1,0,0,0,0,0,0,1,5,0,,31,0,1,0,0,1,0
0,0,0,0,0,0,1,0,0,1,4,0,5,50,0,1,0,1,1,1
0,0,0,0,1,0,0,0,0,1,4,1,9,50,0,0,1,0,1,0
0,0,1,0,0,0,0,0,0,1,5,0,10,23,0,0,1,0,1,1
0,0,1,0,0,0,0,0,0,1,4,0,4,59,0,1,1,1,1,0
1,1,0,0,0,1,0,0,0,1,3,0,10,52,0,0,0,1,1,0
0,0,1,0,0,0,0,1,0,0,5,0,8,65,0,0,0,0,1,1
1,1,0,1,0,0,0,0,0,1,1,1,1,72,0,0,1,0,1,1
1,1,0,0,0,1,0,0,0,1,5,1,9,46,0,0,0,1,1,0
1,1,0,1,0,0,0,0,1,0,5,1,10,32,0,0,1,1,1,1
0,0,0,0,0,0,1,0,1,0,3,1,5,40,0,0,0,0,1,0
0,0,0,0,0,0,1,0,0,1,1,1,2,63,0,0,1,0,1,1
0,0,0,0,1,0,0,0,0,1,3,1,2,41,0,0,0,0,1,0
1,0,0,0,0,0,1,0,1,0,5,1,2,23,0,0,1,0,1,1
0,0,1,0,0,0,0,0,0,1,3,1,6,46,0,0,0,1,1,1
0,0,0,0,0,0,1,1,0,0,1,0,8,56,0,0,1,1,1,1
1,1,0,1,0,0,0,0,0,1,5,1,8,25,0,0,0,0,1,1
0,0,0,0,0,0,1,0,0,1,2,0,1,58,0,0,0,1,1,0
1,1,0,1,0,0,0,0,1,0,3,1,1,46,0,0,1,1,1,0
0,0,0,0,0,0,1,0,0,1,1,1,,63,0,0,1,1,1,0
0,0,1,0,0,0,0,0,0,1,2,0,6,56,0,0,0,0,1,1
0,0,0,0,0,0,1,0,0,1,1,1,,75,0,0,1,0,1,0
1,1,0,1,0,0,0,0,0,1,1,1,,57,0,0,1,0,1,1
1,1,0,1,0,0,0,0,1,0,3,1,4,40,0,0,0,0,1,0
1,0,0,0,0,0,1,0,0,1,2,0,7,63,0,1,0,0,1,1
0,0,0,0,0,0,1,0,0,1,3,1,6,30,0,0,0,0,1,1
1,1,0,1,0,0,0,0,1,0,4,1,8,24,0,0,0,1,1,1
1,1,0,1,0,0,0,0,0,1,3,0,6,37,0,0,1,0,1,1
0,0,0,0,0,0,1,0,0,0,1,1,,79,0,0,0,0,1,0
1,1,0,1,0,0,0,0,1,0,5,1,10,43,0,0,1,0,1,1
1,0,0,0,0,0,1,0,1,0,1,1,1,60,0,0,0,1,1,0
0,0,0,0,0,0,1,0,0,1,3,1,5,26,0,0,0,0,1,0
0,0,1,0,0,0,0,0,0,1,3,0,10,31,0,0,1,0,1,1
1,1,0,1,0,0,0,0,1,0,3,1,8,48,0,0,0,1,1,0
1,1,0,1,0,0,0,0,0,1,2,1,3,61,1,1,1,1,1,0
1,1,0,1,0,0,0,0,0,1,5,1,5,34,1,0,1,1,1,0
0,0,1,0,0,0,0,1,0,0,4,0,7,40,1,0,0,1,1,0
0,0,0,0,0,0,1,0,1,0,4,1,8,42,1,0,1,1,1,0
1,1,0,1,0,0,0,0,1,0,5,1,5,45,1,0,0,1,1,0
1,0,0,0,0,0,1,0,1,0,5,1,8,38,1,0,0,1,1,0
1,1,0,1,0,0,0,0,1,0,1,1,9,61,1,0,1,1,1,0
0,1,0,1,0,0,0,0,1,0,5,1,8,28,1,0,0,0,1,1
1,0,0,0,0,0,1,0,0,1,5,0,3,40,1,0,1,0,1,0
0,0,1,0,0,0,0,0,0,1,3,1,10,34,1,0,1,0,1,1
0,1,0,1,0,0,0,0,1,0,5,1,8,21,1,0,0,0,1,1
0,1,0,1,0,0,0,0,1,0,4,1,4,45,1,0,1,1,1,0
0,0,0,0,0,0,1,0,0,1,5,1,6,26,1,0,1,0,1,0
0,1,0,1,0,0,0,0,0,1,3,1,4,39,1,0,0,0,1,1
1,1,0,1,0,0,0,0,1,0,2,1,3,47,1,0,0,0,0,0
0,0,1,0,0,0,0,1,0,0,1,1,,64,1,0,1,1,1,0
1,1,0,0,0,1,0,0,1,0,5,0,9,21,1,0,0,0,1,1
0,0,0,0,0,0,1,1,0,0,4,0,1,34,1,0,1,0,1,0
0,1,0,0,0,1,0,0,0,1,4,0,6,39,1,0,0,1,1,0
1,1,0,1,0,0,0,0,0,1,3,1,3,48,1,0,1,1,1,0
1,1,0,1,0,0,0,0,0,1,1,1,8,71,1,0,0,0,1,0
1,1,0,1,0,0,0,0,1,0,5,1,8,26,1,0,1,1,1,1
1,0,0,0,0,0,1,0,0,1,2,0,9,66,1,0,1,1,1,1
0,0,1,0,0,0,0,0,1,0,4,1,8,49,1,0,0,1,1,1
1,1,0,1,0,0,0,0,0,1,4,1,8,44,1,0,1,1,1,0
0,0,0,0,0,0,1,0,0,0,3,1,,75,1,0,1,0,1,1
1,1,0,0,0,1,0,0,0,1,5,1,4,27,1,0,0,1,1,0
0,0,0,0,0,0,1,0,1,0,4,0,,36,1,0,0,0,1,0
0,1,0,0,0,1,0,0,0,1,5,0,6,47,1,1,1,0,1,0
1,1,0,1,0,0,0,0,1,0,5,1,8,23,1,0,0,0,1,1
1,1,0,1,0,0,0,0,1,0,1,1,7,65,1,0,1,1,1,0
1,1,0,1,0,0,0,0,0,1,1,1,,59,1,0,0,0,1,0
0,1,0,1,0,0,0,0,1,0,5,0,10,50,1,0,0,0,1,1
1,1,0,1,0,0,0,0,1,0,5,1,10,25,1,0,0,1,1,0
1,1,0,1,0,0,0,0,1,0,5,1,9,29,1,0,1,1,1,1
1,0,0,0,0,0,1,0,0,1,3,1,,35,1,0,0,1,1,0
1,1,0,0,0,1,0,0,1,0,5,1,1,26,1,0,0,0,1,1
1,0,0,0,0,0,1,1,0,0,3,1,5,47,1,0,1,0,0,0
0,0,0,0,0,0,1,1,0,0,1,1,5,61,1,0,1,1,1,0
1,0,0,0,0,0,1,1,0,0,1,1,2,75,1,0,1,1,1,0
1,1,0,1,0,0,0,0,1,0,5,0,10,26,1,0,0,1,1,1
1,0,0,0,0,0,1,1,0,0,1,1,,69,1,0,1,1,1,0
0,0,0,0,1,0,0,0,0,1,3,1,3,41,1,0,0,1,1,1
0,0,1,0,0,0,0,1,0,0,3,0,5,60,1,0,0,1,1,1
1,1,0,1,0,0,0,0,1,0,5,1,7,34,1,0,1,1,1,1
0,0,1,0,0,0,0,0,0,1,4,0,1,43,1,0,0,1,1,0
1,0,0,0,0,0,1,0,1,0,5,1,5,36,1,0,1,1,1,0
1,1,0,1,0,0,0,0,0,1,2,0,8,55,1,0,1,0,1,0
1,1,0,1,0,0,0,0,0,1,5,0,7,21,1,0,0,1,1,1
1,0,1,0,0,0,0,0,0,1,2,0,2,60,1,0,0,1,1,1
0,0,0,0,0,0,1,0,0,0,1,0,1,66,1,0,1,1,1,0
1,0,0,0,0,0,1,0,0,1,3,0,1,76,1,0,0,1,1,0
1,1,0,1,0,0,0,0,0,1,5,1,2,24,1,0,0,1,1,1
1,0,0,0,0,0,1,0,0,0,1,1,1,64,1,0,1,0,0,0
0,0,0,0,0,0,1,0,0,0,1,0,3,41,1,0,1,1,1,0
0,0,1,0,0,0,0,0,0,1,5,0,9,32,1,0,0,0,1,1
1,0,0,0,0,0,1,0,1,0,3,1,6,47,1,0,0,1,1,1
1,0,1,0,0,0,0,1,0,0,5,0,5,35,1,0,0,0,1,1
1,0,0,0,0,0,1,0,1,0,5,1,6,21,1,0,1,0,1,1
0,0,1,0,0,0,0,0,0,1,3,1,10,52,1,0,1,1,1,0
1,0,0,0,0,0,1,0,0,1,3,1,3,61,1,0,0,1,1,0
1,1,0,1,0,0,0,0,1,0,4,0,3,30,1,0,0,1,1,0
0,1,0,1,0,0,0,0,1,0,5,1,4,37,1,0,1,0,1,1
1,1,0,1,0,0,0,0,0,1,1,1,1,80,1,0,0,1,1,0
1,1,0,1,0,0,0,0,1,0,1,1,2,57,1,0,1,1,1,0
0,0,0,0,0,0,1,0,0,1,1,1,1,64,1,0,1,1,1,0
0,0,0,0,1,0,0,0,0,1,3,0,6,62,1,0,0,0,1,0
0,0,1,0,0,0,0,0,0,1,3,0,1,60,1,0,0,1,1,1
1,1,0,1,0,0,0,0,1,0,3,1,10,59,1,0,1,1,1,0
0,0,0,0,0,0,1,0,0,0,3,0,,60,1,1,1,1,0,0
0,0,0,0,0,0,1,0,0,1,1,1,1,67,1,0,1,1,1,1
1,1,0,1,0,0,0,0,1,0,4,1,9,43,1,0,0,1,1,1
1,1,0,1,0,0,0,0,0,1,1,1,,69,1,0,1,1,1,0
0,1,0,1,0,0,0,0,1,0,3,1,6,32,1,0,0,1,1,0
1,1,0,1,0,0,0,0,0,1,2,1,6,46,1,0,1,1,1,0
0,1,0,1,0,0,0,0,1,0,3,1,10,55,1,0,0,1,1,1
0,0,1,0,0,0,0,1,0,0,4,0,4,49,1,0,0,1,1,0
1,0,0,0,0,0,1,1,0,0,5,0,5,41,1,0,0,1,1,0
1,0,0,0,0,0,1,0,0,1,1,1,,92,1,0,1,1,1,0
0,0,1,0,0,0,0,0,0,1,1,0,1,64,1,0,1,1,1,1
1,1,0,1,0,0,0,0,0,1,2,1,4,49,1,0,1,0,1,1
0,0,1,0,0,0,0,0,0,1,1,1,,86,1,0,0,0,1,1
0,0,0,0,0,0,1,0,0,1,5,1,6,44,1,0,1,0,1,1
0,0,1,0,0,0,0,1,0,0,3,0,9,35,1,0,0,1,1,0
0,0,1,0,0,0,0,0,0,1,3,1,,50,1,0,0,1,1,0
0,1,0,1,0,0,0,1,0,0,3,0,,45,1,0,1,0,0,0
0,0,0,0,0,0,1,0,0,1,5,1,9,26,1,0,0,1,1,0
1,1,0,1,0,0,0,0,0,1,4,1,6,38,1,0,1,1,1,0
1,1,0,1,0,0,0,0,0,0,1,0,,78,1,0,1,0,0,0
0,0,1,0,0,0,0,0,1,0,1,0,1,95,1,1,0,0,1,0
0,0,1,0,0,0,0,0,0,0,5,0,,66,1,0,1,0,1,0
0,1,0,1,0,0,0,0,1,0,3,1,,39,1,0,0,0,1,0
0,0,0,0,0,0,1,0,1,0,2,1,,32,1,0,0,1,1,1
0,0,1,0,0,0,0,1,0,0,2,0,,85,1,1,0,1,1,0
0,0,1,0,0,0,0,0,0,0,4,0,2,52,1,0,1,0,1,1
1,1,0,1,0,0,0,0,1,0,1,1,1,66,1,0,1,1,1,0
0,0,0,0,0,0,1,1,0,0,3,1,1,34,1,0,0,1,1,0
0,0,0,0,0,0,1,0,0,1,2,0,1,82,1,1,0,0,0,1
0,0,0,0,0,0,1,0,0,1,3,0,4,52,1,0,1,0,1,0
1,0,0,0,0,0,1,0,1,0,1,1,9,69,1,0,0,1,1,0
1,1,0,1,0,0,0,0,1,0,5,0,5,23,1,0,0,0,1,0
0,1,0,1,0,0,0,0,1,0,3,1,2,25,1,0,1,1,1,0
0,0,0,0,0,0,1,0,1,0,3,1,7,60,1,0,0,1,1,0
1,1,0,1,0,0,0,0,1,0,5,1,7,32,1,0,0,0,1,0
1,1,0,1,0,0,0,0,1,0,1,1,10,77,1,0,0,1,0,1
0,0,0,0,0,0,1,0,0,0,1,0,,65,1,1,1,0,0,0
0,0,1,0,0,0,0,0,0,1,3,0,4,34,1,1,1,0,1,1
0,1,0,0,0,0,0,0,1,0,1,1,10,80,1,0,1,1,1,0
0,0,1,0,0,0,0,0,1,0,4,0,2,40,1,0,0,1,1,1
1,1,0,1,0,0,0,0,0,1,5,1,9,32,1,0,0,1,1,1
0,0,0,0,0,0,1,0,0,1,3,1,8,50,1,0,1,1,1,0
0,0,1,0,0,0,0,0,0,0,1,1,,39,1,0,1,1,1,0
1,1,0,1,0,0,0,0,1,0,4,1,,49,1,0,0,1,1,0
1,0,0,0,0,0,1,0,0,1,3,1,3,28,1,0,0,1,1,0
1,1,0,1,0,0,0,0,0,1,4,1,,61,1,0,1,1,1,0
1,1,0,0,0,1,0,0,1,0,5,1,10,26,0,0,1,0,1,1
1,1,0,1,0,0,0,0,0,1,2,1,5,48,0,0,0,1,1,1
0,0,0,0,0,0,1,0,1,0,2,1,3,34,0,0,1,0,0,0
0,1,0,0,0,1,0,0,0,1,5,1,5,32,0,0,0,0,1,1
0,0,1,0,0,0,0,1,0,0,3,0,10,55,0,0,0,1,1,0
1,0,0,0,0,0,1,0,0,1,1,1,1,54,0,0,1,1,1,0
0,1,0,1,0,0,0,0,0,1,3,1,10,37,0,0,0,1,1,0
0,0,1,0,0,0,0,0,0,1,1,0,2,61,0,0,1,0,1,0
1,1,0,0,0,1,0,0,0,1,5,1,7,38,0,0,1,1,1,1
0,0,0,0,0,0,1,0,0,0,3,1,1,33,0,0,1,0,0,1
0,0,0,0,0,0,1,0,0,1,1,1,9,54,0,1,0,1,1,0
0,0,0,0,0,0,1,0,1,0,5,0,9,47,0,0,0,1,1,1
1,1,0,1,0,0,0,0,1,0,3,1,,60,0,0,0,1,1,0
0,0,0,0,0,0,1,0,0,1,5,1,,28,0,0,1,1,1,0
0,0,0,0,0,0,1,0,0,1,5,0,2,23,0,0,0,0,1,0
0,0,1,0,0,0,0,0,0,1,1,0,8,75,0,0,1,0,1,1
0,0,0,0,0,0,1,0,0,1,3,1,4,40,0,0,1,0,1,0
0,1,0,0,0,1,0,0,1,0,5,1,6,38,0,0,0,1,1,1
0,0,0,0,0,0,1,0,0,1,5,1,9,35,0,0,1,0,1,1
0,0,0,0,0,0,1,0,0,1,5,0,3,24,0,0,1,0,1,1
0,0,0,0,1,0,0,0,1,0,5,1,1,21,0,0,0,0,0,0
0,0,1,0,0,0,0,0,0,1,5,0,7,83,0,1,0,0,1,1
1,1,0,1,0,0,0,0,1,0,5,1,9,25,0,0,1,0,1,1
0,1,0,1,0,0,0,1,0,0,,1,,24,0,0,0,0,1,0
0,0,0,0,0,0,1,0,1,0,3,1,4,42,0,1,0,1,1,0
1,0,0,0,0,0,1,0,0,0,1,0,1,72,0,0,1,0,0,0
1,1,0,1,0,0,0,0,1,0,5,1,2,22,0,0,1,1,1,0
1,0,0,0,0,0,1,0,0,1,3,1,1,55,0,0,1,1,1,0
1,1,0,1,0,0,0,0,1,0,3,1,2,54,0,0,0,0,1,0
1,1,0,1,0,0,0,0,0,1,5,1,10,28,0,0,0,1,1,0
1,0,0,0,0,0,1,0,0,1,5,1,10,25,0,0,1,0,1,0
1,0,0,0,0,0,1,0,1,0,5,1,6,37,0,0,0,1,1,0
0,0,0,0,0,0,1,0,1,0,3,1,5,46,0,0,1,1,1,1
0,0,0,0,0,0,1,0,0,0,3,0,,61,0,0,1,0,1,0
0,1,0,1,0,0,0,0,1,0,1,1,1,43,0,0,0,0,1,1
1,1,0,1,0,0,0,0,0,1,5,1,,24,0,0,0,1,1,1
0,0,0,0,0,0,1,0,0,1,1,1,10,73,0,0,1,1,1,0
0,0,0,0,0,0,1,0,0,1,2,1,,48,0,0,0,0,1,0
1,1,0,0,0,1,0,0,0,1,5,1,9,30,0,0,0,1,1,1
0,1,0,1,0,0,0,0,0,1,3,1,8,41,0,0,0,1,1,0
1,1,0,1,0,0,0,0,0,1,,1,,67,0,0,1,1,1,0
1,0,0,0,0,0,1,0,0,1,5,1,10,29,0,0,0,1,1,0
0,0,1,0,0,0,0,1,0,0,3,0,5,65,0,0,0,0,1,0
0,0,0,0,0,0,1,0,0,0,1,1,,76,0,0,0,0,0,0
0,0,1,0,0,0,0,1,0,0,4,0,6,52,0,0,0,1,1,0
0,0,0,0,0,0,1,0,0,0,2,1,5,53,0,0,1,0,1,0
0,0,1,0,0,0,0,0,0,1,5,1,6,26,0,0,0,0,1,0
0,0,1,0,0,0,0,1,0,0,3,0,8,56,0,0,0,0,1,1
0,1,0,1,0,0,0,0,0,1,5,0,,37,0,0,0,0,1,1
0,1,0,1,0,0,0,0,0,1,3,0,,60,0,0,1,1,1,1
0,0,1,0,0,0,0,0,0,1,4,1,6,46,0,1,1,1,1,0
1,0,0,0,0,0,1,0,1,0,5,0,9,31,0,0,1,0,1,1
0,0,0,0,1,0,0,0,0,1,4,0,,50,0,0,0,1,1,0
0,1,0,0,0,1,0,0,1,0,4,1,3,32,0,0,0,0,0,0
1,0,0,0,0,0,1,0,0,1,5,1,6,23,0,0,0,0,1,1
0,0,0,0,0,0,1,0,0,1,2,0,,50,0,0,1,1,1,1
1,1,0,1,0,0,0,0,1,0,5,1,10,30,0,0,0,1,1,1
1,1,0,1,0,0,0,0,1,0,1,1,,55,0,0,0,0,1,0
1,1,0,1,0,0,0,0,1,0,5,1,2,28,0,0,1,0,1,0
1,1,0,1,0,0,0,0,0,1,5,0,6,21,0,0,1,1,1,1
0,0,1,0,0,0,0,0,0,1,3,0,1,56,0,0,0,0,1,1
1,1,0,1,0,0,0,0,1,0,5,1,4,68,0,0,0,1,1,0
0,0,1,0,0,0,0,0,0,1,2,1,10,69,0,0,1,1,1,0
0,0,1,0,0,0,0,0,1,0,5,1,5,30,0,0,1,0,1,0
0,0,1,0,0,0,0,0,0,1,3,0,,51,0,0,0,0,0,0
0,0,0,0,0,0,1,0,0,0,1,0,,78,0,0,1,0,0,0
1,0,0,0,0,0,1,1,0,0,3,0,6,32,1,1,0,0,1,1
0,0,1,0,0,0,0,1,0,0,3,0,1,40,1,0,1,1,1,1
0,0,0,0,0,0,1,0,0,0,1,1,,49,1,0,1,1,1,0
0,0,1,0,0,0,0,0,0,1,1,1,,69,1,0,1,1,1,1
0,0,0,0,0,0,1,0,1,0,2,1,3,23,1,0,0,1,1,0
1,0,0,0,0,0,1,0,0,1,1,1,,59,1,0,1,1,1,0
0,0,0,0,0,0,1,0,0,1,5,1,1,22,1,0,1,0,1,1
0,0,0,0,0,0,1,0,0,1,2,0,1,58,1,0,0,1,1,0
1,1,0,1,0,0,0,0,1,0,3,1,5,22,1,0,1,0,0,0
1,1,0,1,0,0,0,0,1,0,1,1,1,76,1,0,1,0,1,0
1,0,0,0,0,0,1,0,0,1,2,1,6,50,1,0,0,0,1,0
1,0,0,0,0,0,1,1,0,0,1,0,7,59,1,0,0,0,1,1
0,0,1,0,0,0,0,1,0,0,1,0,10,73,1,0,0,0,1,1
1,0,0,0,0,0,1,0,0,1,3,1,1,34,1,0,0,1,1,0
0,0,1,0,0,0,0,1,0,0,4,0,7,48,1,0,0,1,1,1
0,0,1,0,0,0,0,0,0,1,3,1,2,50,1,0,1,1,1,0
0,0,0,0,0,0,1,0,0,1,5,0,,21,1,0,0,0,1,1
1,1,0,1,0,0,0,0,0,1,5,0,,68,1,0,1,0,1,1
1,1,0,1,0,0,0,0,0,1,5,0,8,31,1,0,0,1,1,0
1,1,0,1,0,0,0,0,0,1,3,0,10,71,1,0,0,1,1,0
1,1,0,1,0,0,0,0,1,0,2,1,3,54,1,0,0,1,1,0
0,0,0,0,0,0,1,1,0,0,3,0,10,37,1,0,0,0,1,1
0,0,1,0,0,0,0,1,0,0,4,0,9,45,1,0,0,0,1,0
0,0,0,0,1,0,0,0,0,1,5,0,10,29,1,0,0,0,1,1
0,0,1,0,0,0,0,0,0,1,3,1,8,29,1,0,1,1,1,0
1,1,0,1,0,0,0,0,0,1,3,0,1,49,1,0,0,0,1,0
0,0,0,0,0,0,1,0,0,0,1,0,,77,1,0,1,0,0,0
0,0,0,0,0,0,1,0,0,1,1,1,,60,1,0,1,0,0,1
0,0,1,0,0,0,0,0,0,1,3,1,,48,1,0,1,1,1,0
0,0,0,0,0,0,1,0,0,1,5,0,10,31,1,0,1,1,1,0
1,1,0,0,0,1,0,0,1,0,5,1,9,22,1,0,1,1,1,0
1,0,0,0,0,0,1,0,0,1,1,0,,68,1,0,0,1,1,0
0,0,0,0,0,0,1,1,0,0,5,0,5,47,1,0,0,1,1,0
1,1,0,1,0,0,0,0,1,0,2,1,5,56,1,0,0,1,1,0
0,0,1,0,0,0,0,0,0,1,2,0,5,51,1,0,0,1,1,1
1,0,0,0,0,0,1,0,0,1,3,1,,44,1,0,1,0,1,1
0,0,0,0,0,0,1,0,0,1,2,0,,53,1,0,1,1,1,1
1,0,0,0,0,0,1,0,0,1,3,1,1,42,1,0,0,1,1,0
1,1,0,1,0,0,0,0,0,1,2,1,,34,1,0,0,1,1,0
1,0,1,0,0,0,0,0,0,0,1,0,,80,1,0,1,0,1,0
0,0,0,0,0,0,1,0,0,1,1,1,,64,1,0,1,1,1,1
1,1,0,1,0,0,0,0,0,1,3,0,3,60,1,0,0,1,1,0
0,0,0,0,0,0,1,0,0,0,1,1,,68,1,0,1,1,1,0
0,0,0,0,0,0,1,0,0,1,3,0,,57,1,0,1,1,1,1
1,1,0,1,0,0,0,0,1,0,5,1,5,20,1,0,1,1,1,1
0,0,1,0,0,0,0,0,1,0,5,0,5,29,1,0,0,0,1,1
1,1,0,1,0,0,0,0,0,1,1,1,2,56,1,0,0,1,1,1
0,0,0,0,0,0,1,0,0,0,1,1,1,82,1,0,1,0,1,0
0,0,0,0,0,0,1,0,0,1,5,1,5,33,1,0,1,1,1,0
0,0,1,0,0,0,0,0,0,1,4,1,10,40,1,0,0,0,1,1
0,1,0,1,0,0,0,0,0,1,1,0,5,61,1,0,1,0,1,0
1,1,0,1,0,0,0,0,1,0,1,1,,85,1,0,0,0,1,0
0,0,0,0,0,0,1,0,0,1,4,1,3,46,1,1,1,0,1,0
1,1,0,1,0,0,0,0,0,1,5,1,,21,1,0,0,1,1,1
1,1,0,1,0,0,0,0,1,0,3,1,9,55,1,0,1,1,1,0
0,0,0,0,0,0,1,0,0,1,3,0,5,43,1,0,0,1,1,1
1,1,0,1,0,0,0,0,1,0,3,1,6,46,1,0,0,1,1,0
1,1,0,1,0,0,0,0,1,0,3,1,2,22,1,0,0,0,1,0
1,1,0,1,0,0,0,0,1,0,1,1,,78,1,0,0,0,1,0
0,0,1,0,0,0,0,1,0,0,3,1,5,48,1,0,1,0,1,1
1,0,0,0,0,0,1,0,0,0,1,1,1,85,1,0,1,1,1,0
0,0,0,0,0,0,1,1,0,0,1,0,,74,1,0,1,1,1,0
1,1,0,1,0,0,0,0,1,0,5,0,,32,1,0,1,0,1,0
1,0,0,0,0,0,1,1,0,0,3,1,2,61,1,0,1,1,1,0
0,0,0,0,0,0,1,0,0,1,5,1,2,24,1,0,1,0,1,1
1,1,0,1,0,0,0,0,1,0,1,1,,53,1,0,0,0,1,0
1,1,0,1,0,0,0,0,1,0,3,1,1,67,1,0,0,1,1,0
0,0,0,0,0,0,1,0,0,1,1,0,,64,1,0,1,0,1,1
0,0,0,0,0,0,1,0,0,1,3,1,4,22,1,0,0,0,0,0
0,0,0,0,0,0,1,0,0,1,2,1,3,57,1,0,1,1,1,0
0,0,0,0,0,0,1,0,0,1,3,1,,39,1,0,1,0,1,0
0,0,1,0,0,0,0,0,0,1,5,0,,48,1,0,1,1,1,0
1,1,0,1,0,0,0,0,1,0,3,1,2,51,1,0,0,1,1,0
0,0,0,0,0,0,1,1,0,0,5,0,2,58,1,0,0,1,1,1
0,0,0,0,0,0,1,0,0,1,3,0,10,22,1,0,0,1,1,1
0,0,0,0,0,0,1,0,0,1,4,0,5,36,1,0,0,1,1,0
1,0,0,0,0,0,1,0,0,1,2,1,8,54,1,0,1,1,1,0
0,0,1,0,0,0,0,0,0,1,3,0,,69,1,1,1,0,1,1
0,0,1,0,0,0,0,0,0,1,3,0,,46,1,0,1,0,1,0
0,0,0,0,0,0,1,0,0,1,3,1,2,61,1,0,1,1,1,1
1,0,0,0,0,0,1,0,0,0,1,1,1,77,1,0,1,0,1,0
1,1,0,1,0,0,0,0,0,1,2,1,2,59,1,0,0,1,1,1
1,1,0,1,0,0,0,1,0,0,3,1,2,80,1,0,0,1,1,0
1,1,0,1,0,0,0,0,1,0,1,1,1,67,1,0,0,1,1,0
1,0,0,0,0,0,1,0,0,0,1,1,1,55,1,0,1,0,1,1
0,0,0,0,1,0,0,1,0,0,4,0,5,40,1,0,1,1,1,0
1,1,0,1,0,0,0,0,0,1,1,1,,56,1,0,1,0,1,0
1,1,0,1,0,0,0,1,0,0,3,1,,75,1,0,0,1,1,0
1,1,0,1,0,0,0,0,1,0,2,1,6,55,1,0,0,1,1,0
1,1,0,1,0,0,0,0,1,0,3,1,4,48,1,0,1,0,1,0
1,1,0,1,0,0,0,0,1,0,1,1,1,41,1,0,1,0,1,0
0,0,0,0,0,0,1,0,0,0,1,1,1,55,1,0,1,1,1,0
0,0,1,0,0,0,0,1,0,0,3,0,1,79,1,0,0,0,0,0
1,0,0,0,0,0,1,0,0,1,1,0,1,64,1,0,1,1,0,0
1,1,0,1,0,0,0,0,0,1,2,1,4,53,1,0,0,0,1,0
1,1,0,1,0,0,0,0,0,1,1,1,1,74,1,0,1,1,1,1
1,1,0,1,0,0,0,0,0,1,1,1,1,67,1,0,0,0,1,0
0,0,0,0,0,0,1,0,0,1,3,1,1,44,1,0,1,1,1,1
1,0,0,0,0,0,1,0,0,1,5,0,2,24,1,0,1,0,1,0
1,1,0,1,0,0,0,0,1,0,3,1,1,35,0,0,1,1,0,0
0,0,1,0,0,0,0,0,0,1,1,1,2,57,0,0,1,1,1,1
0,0,0,0,0,0,1,0,1,0,5,1,,22,0,0,0,0,1,0
0,1,0,1,0,0,0,0,1,0,3,1,,50,0,0,0,1,1,0
1,0,0,0,0,0,1,0,0,1,3,1,3,58,0,0,0,0,0,1
1,0,0,0,0,0,1,0,0,1,3,1,3,51,0,0,1,0,1,0
0,0,1,0,0,0,0,0,0,1,2,0,3,30,0,0,0,1,1,0
1,0,0,0,0,0,1,0,0,1,1,0,1,64,0,0,1,0,0,1
0,1,0,1,0,0,0,0,0,1,5,1,3,68,0,0,0,1,1,1
0,0,0,0,0,0,1,1,0,0,2,1,3,42,0,0,0,0,0,1
1,0,0,0,0,0,1,0,1,0,5,1,6,26,0,0,1,1,1,1
0,0,1,0,0,0,0,0,0,1,5,0,10,22,0,0,0,0,1,1
1,1,0,1,0,0,0,0,0,0,1,1,1,73,0,0,1,1,1,1
1,1,0,1,0,0,0,0,1,0,1,1,,76,0,0,0,0,1,1
0,0,0,0,0,0,1,0,1,0,4,1,1,46,0,0,0,1,1,0
1,1,0,1,0,0,0,0,1,0,1,1,5,41,0,0,1,1,1,0
0,0,1,0,0,0,0,0,0,1,4,1,7,55,0,0,1,0,1,1
1,0,0,0,0,0,1,0,0,1,4,0,5,37,0,0,1,1,1,0
0,0,1,0,0,0,0,0,0,1,4,0,8,59,0,0,0,0,1,0
0,0,0,0,0,0,1,0,0,1,5,0,,31,0,0,1,0,1,0
0,0,1,0,0,0,0,0,0,0,5,0,3,31,0,0,0,0,1,0
0,0,1,0,0,0,0,0,0,1,4,0,5,48,0,0,1,0,1,1
0,0,1,0,0,0,0,0,0,1,5,1,6,47,0,1,0,1,1,0
0,0,0,0,0,0,1,1,0,0,5,0,8,35,0,1,0,1,1,0
0,0,1,0,0,0,0,1,0,0,5,0,5,60,0,1,0,0,1,1
1,1,0,1,0,0,0,0,0,1,5,1,9,42,0,0,0,1,1,1
0,0,1,0,0,0,0,0,0,1,3,0,10,62,0,0,1,0,1,0
0,0,1,0,0,0,0,0,0,1,5,1,1,34,0,1,1,1,1,0
1,1,0,1,0,0,0,0,1,0,3,1,3,35,0,0,0,0,1,0
1,1,0,1,0,0,0,0,1,0,1,1,5,72,0,0,0,1,1,0
1,1,0,1,0,0,0,0,0,1,5,1,5,45,0,0,0,1,1,1
0,0,1,0,0,0,0,0,0,1,4,0,8,56,0,0,0,0,1,0
1,1,0,1,0,0,0,0,1,0,5,1,7,23,0,0,0,0,1,0
0,0,1,0,0,0,0,0,1,0,5,1,10,34,0,1,1,0,1,1
0,1,0,1,0,0,0,0,1,0,5,1,8,52,0,0,1,1,1,0
1,1,0,1,0,0,0,0,0,1,5,1,6,33,0,1,0,1,1,1
0,0,0,0,0,0,1,0,0,1,5,1,,33,0,0,0,0,1,1
1,1,0,1,0,0,0,0,1,0,1,1,10,74,0,0,0,1,1,1
0,0,1,0,0,0,0,1,0,0,5,0,6,48,0,0,0,1,1,1
1,1,0,1,0,0,0,0,1,0,5,1,10,39,0,0,1,1,1,0
1,1,0,1,0,0,0,0,0,1,5,1,6,72,0,0,0,1,1,1
0,0,0,0,0,0,1,0,0,0,4,1,1,47,0,0,0,1,1,0
0,0,1,0,0,0,0,1,0,0,2,0,2,41,0,0,1,1,0,1
1,1,0,1,0,0,0,0,1,0,5,1,4,52,0,0,1,0,1,0
1,1,0,1,0,0,0,0,1,0,5,1,7,30,0,0,1,1,1,1
1,1,0,1,0,0,0,1,0,0,3,1,8,45,0,0,1,0,1,0
1,1,0,0,0,1,0,0,0,1,3,1,9,51,0,0,0,1,1,0
0,0,0,0,1,0,0,0,0,1,2,1,4,59,0,0,1,0,1,1
1,1,0,1,0,0,0,0,0,1,1,1,6,58,0,0,0,1,1,0
0,0,1,0,0,0,0,0,0,1,4,1,7,40,0,0,1,0,1,1
0,0,1,0,0,0,0,0,0,1,4,0,10,39,0,1,0,1,1,1
1,0,0,0,0,0,1,0,1,0,1,1,1,72,0,0,1,1,1,0
0,0,0,0,0,0,1,0,0,1,2,0,1,74,0,0,0,1,1,0
1,0,0,0,0,0,1,0,0,1,3,1,7,29,0,0,0,0,1,1
0,0,1,0,0,0,0,0,0,1,5,0,9,57,0,1,0,0,1,0
0,0,1,0,0,0,0,1,0,0,5,0,9,46,0,0,1,0,1,1
1,0,1,0,0,0,0,1,0,0,4,0,,57,0,1,1,1,1,1
0,0,0,0,0,0,1,1,0,0,3,0,10,58,0,1,1,0,1,0
1,1,0,1,0,0,0,0,1,0,5,1,10,59,0,0,0,0,1,0
1,1,0,1,0,0,0,0,1,0,5,1,8,65,0,0,0,1,1,1
1,0,0,0,0,0,1,0,1,0,5,1,,24,0,0,0,1,1,0
1,0,0,0,0,0,1,1,0,0,3,0,5,52,0,1,0,0,1,0
1,0,0,0,0,0,1,0,1,0,5,1,8,21,0,0,0,0,1,0
0,0,0,0,0,0,1,0,0,1,2,1,5,57,0,0,1,0,1,0
0,1,0,1,0,0,0,0,1,0,5,1,,23,0,0,1,1,1,1
1,0,0,0,0,0,1,0,0,0,1,1,10,79,1,0,1,0,0,0
0,0,1,0,0,0,0,0,0,1,5,1,,26,1,0,1,0,1,1
0,0,0,0,1,0,0,0,0,1,5,0,10,34,1,0,0,0,1,1
1,0,0,0,0,0,1,0,1,0,3,1,2,52,1,1,0,1,1,0
0,0,0,0,1,0,0,1,0,0,3,0,3,46,1,1,0,1,1,0
0,0,0,0,0,0,1,1,0,0,1,0,1,72,1,0,1,0,0,1
0,0,1,0,0,0,0,1,0,0,3,0,7,38,1,1,0,0,1,1
1,1,0,1,0,0,0,0,1,0,3,1,5,62,1,0,0,1,1,0
1,1,0,1,0,0,0,0,1,0,2,1,1,73,1,0,1,1,1,0
1,1,0,1,0,0,0,1,0,0,5,1,10,52,1,0,0,1,1,1
1,1,0,0,0,0,0,0,1,0,5,1,5,31,1,0,1,1,1,1
1,0,0,0,0,0,1,0,1,0,3,1,2,38,1,0,0,0,1,0
0,0,1,0,0,0,0,1,0,0,5,0,4,44,1,0,0,1,1,1
0,0,0,0,0,0,1,0,0,1,3,0,1,52,1,0,1,1,1,1
1,1,0,1,0,0,0,0,0,1,5,1,6,39,1,0,1,0,1,0
1,1,0,1,0,0,0,0,0,1,2,1,,54,1,0,1,1,1,0
0,0,0,0,0,0,1,0,0,1,5,1,6,61,1,0,0,1,1,1
0,0,0,0,0,0,1,0,1,0,3,0,,65,1,0,1,0,1,1
0,0,0,0,0,0,1,0,0,1,3,0,,29,1,0,0,0,1,1
1,0,0,0,0,0,1,0,0,1,5,1,8,58,1,0,1,0,1,1
0,0,1,0,0,0,0,0,0,1,5,1,7,22,1,0,0,0,1,1
0,0,1,0,0,0,0,0,0,1,2,0,8,53,1,0,1,0,1,1
0,0,0,0,0,0,1,1,0,0,4,0,7,36,1,0,0,0,1,0
1,1,0,1,0,0,0,0,1,0,3,1,5,45,1,0,1,1,1,0
1,0,0,0,0,0,1,0,1,0,5,1,6,26,1,0,1,1,1,0
1,0,1,0,0,0,0,0,1,0,3,1,,60,1,0,0,1,1,0
0,0,1,0,0,0,0,0,0,1,3,1,8,51,1,1,1,0,1,0
1,1,0,1,0,0,0,0,1,0,1,1,,65,1,0,1,1,1,0
1,0,0,0,0,0,1,0,0,1,3,1,,84,1,0,0,1,1,0
0,0,0,0,1,0,0,0,0,1,3,1,2,46,1,0,1,1,1,0
0,0,0,0,0,0,1,0,0,1,5,0,5,62,1,0,0,0,1,1
1,0,0,0,0,0,1,0,0,1,4,0,5,51,1,0,0,0,1,0
1,1,0,0,0,0,0,0,1,0,4,1,,59,1,0,0,1,1,0
0,1,0,1,0,0,0,0,0,1,3,1,,50,1,0,1,1,1,0
1,1,0,1,0,0,0,0,0,1,5,1,7,39,1,0,0,0,1,0
0,0,0,0,0,0,1,0,0,0,1,1,1,67,1,0,1,1,1,0
0,0,1,0,0,0,0,1,0,0,2,0,4,57,1,0,1,0,1,0
0,0,1,0,0,0,0,0,1,0,5,1,4,27,1,0,1,0,1,0
1,1,0,1,0,0,0,0,1,0,5,1,7,34,1,0,1,0,1,1
1,0,0,0,0,0,1,0,1,0,3,1,8,64,1,0,0,1,1,0
1,0,0,0,0,0,1,0,0,1,3,1,,66,1,0,1,1,1,1
0,0,1,0,0,0,0,1,0,0,3,0,10,57,1,0,1,1,1,0
0,0,0,0,0,0,1,0,0,1,3,1,,40,1,0,0,1,1,1
1,1,0,1,0,0,0,0,0,1,5,0,8,23,1,0,1,0,1,0
1,1,0,1,0,0,0,0,0,1,5,0,3,35,1,0,0,0,1,1
0,0,1,0,0,0,0,0,0,0,1,1,,66,1,0,1,0,1,1
1,0,0,0,0,0,1,0,0,1,4,0,8,49,1,0,1,1,1,0
0,0,1,0,0,0,0,0,0,1,1,0,1,61,1,0,0,1,1,0
0,0,0,0,0,0,1,0,0,1,3,0,7,39,1,0,0,0,1,0
0,0,0,0,0,0,1,0,0,1,3,1,2,28,1,0,1,1,1,0
0,0,0,0,0,0,1,0,0,1,1,1,,82,1,0,0,0,1,1
0,0,0,0,0,0,1,0,0,1,5,1,,56,1,0,0,0,1,1
0,0,0,0,0,0,1,0,0,1,5,1,,35,1,0,0,1,1,0
0,0,0,0,0,0,1,0,0,1,5,1,,57,1,0,1,0,1,0
0,0,0,0,0,0,1,0,0,1,2,0,,48,1,1,0,0,1,0
0,0,1,0,0,0,0,0,0,1,5,1,10,59,0,0,1,0,1,1
1,1,0,1,0,0,0,0,1,0,3,1,5,29,0,0,0,1,1,0
1,1,0,1,0,0,0,0,0,1,5,1,9,24,0,0,0,0,1,0
0,1,0,1,0,0,0,0,0,1,3,1,9,28,0,0,0,0,1,1
0,0,0,0,0,0,1,0,0,1,3,0,6,51,0,1,1,0,0,1
1,1,0,1,0,0,0,0,1,0,5,1,2,24,0,0,1,1,1,0
1,0,0,0,0,0,1,0,1,0,5,1,8,34,0,0,1,1,1,0
0,0,0,0,1,0,0,1,0,0,5,0,10,24,0,0,0,0,1,0
1,1,0,1,0,0,0,0,1,0,5,1,3,35,0,0,0,1,1,1
0,0,0,0,0,0,1,0,1,0,3,1,4,21,0,0,1,0,1,0
0,0,1,0,0,0,0,1,0,0,3,0,2,47,0,0,0,1,1,0
0,0,0,0,0,0,1,1,0,0,4,0,6,66,0,1,0,0,1,1
1,1,0,1,0,0,0,0,1,0,1,0,,60,0,0,1,1,1,0
0,0,0,0,0,0,1,0,1,0,1,1,,62,0,0,0,1,1,0
0,0,1,0,0,0,0,0,0,1,2,0,7,72,0,0,0,1,1,1
0,1,0,1,0,0,0,0,0,1,5,0,8,58,0,1,1,1,0,1
1,1,0,1,0,0,0,0,0,1,3,1,9,35,0,0,0,1,1,0
0,0,1,0,0,0,0,0,0,1,2,0,8,62,0,0,1,0,1,1
1,1,0,1,0,0,0,0,1,0,2,1,10,36,0,0,0,0,1,0
1,0,0,0,0,0,1,0,1,0,1,1,1,59,0,0,1,0,1,0
0,0,1,0,0,0,0,0,0,1,5,0,,25,0,0,1,0,1,1
1,1,0,1,0,0,0,0,1,0,5,1,2,29,0,0,0,0,1,1
0,0,1,0,0,0,0,0,0,1,5,0,10,70,0,1,1,0,1,1
1,1,0,1,0,0,0,1,0,0,5,0,8,27,0,1,0,0,1,0
0,0,0,0,0,0,1,0,1,0,5,0,,23,0,0,1,0,0,1
1,1,0,1,0,0,0,0,0,1,3,1,5,42,0,0,0,0,1,1
1,1,0,0,0,1,0,0,1,0,5,1,6,41,0,0,1,1,1,0
1,1,0,1,0,0,0,1,0,0,3,0,7,45,0,0,0,1,1,0
0,0,0,0,0,0,1,1,0,0,5,0,8,23,0,0,1,0,1,1
0,0,1,0,0,0,0,0,0,1,5,1,10,36,0,1,0,0,1,0
0,0,1,0,0,0,0,0,0,1,5,1,8,61,0,1,0,0,1,1
0,0,1,0,0,0,0,0,0,1,3,0,4,68,0,1,1,0,1,1
1,0,0,0,0,0,1,0,1,0,5,1,9,21,0,0,1,1,1,0
0,0,0,0,0,0,1,0,0,1,5,0,7,28,0,1,1,0,1,1
0,0,0,0,0,0,1,0,0,1,5,0,,30,0,0,0,1,1,1
1,1,0,1,0,0,0,0,1,0,5,1,6,44,0,0,0,0,1,1
1,0,0,0,0,0,1,0,0,1,3,0,8,38,0,0,0,0,0,1
0,0,1,0,0,0,0,0,0,1,3,0,5,48,0,1,1,1,1,0
0,0,0,0,0,0,1,0,0,1,3,0,7,37,0,0,0,0,1,0
1,1,0,1,0,0,0,0,0,1,5,1,7,27,0,0,1,1,1,0
0,0,0,0,0,0,1,0,0,1,3,0,4,66,0,0,0,1,1,1
0,0,0,0,0,0,1,0,0,1,3,1,8,26,0,0,0,0,1,0
0,0,0,0,0,0,1,0,0,1,1,0,,94,0,0,1,1,1,0
1,0,0,0,0,0,1,0,0,1,3,1,2,21,0,0,1,0,1,0
0,1,0,1,0,0,0,1,0,0,3,0,,41,0,0,0,1,1,0
0,0,0,0,0,0,1,0,0,1,5,1,5,47,0,0,0,0,1,1
1,1,0,1,0,0,0,0,0,1,5,1,7,34,0,0,1,0,1,1
0,0,0,0,0,0,1,0,0,1,3,1,2,38,0,0,1,0,1,0
0,0,0,0,0,0,1,0,0,1,3,0,10,52,0,1,0,0,1,0
0,0,1,0,0,0,0,0,1,0,3,0,4,36,0,0,0,0,1,1
0,1,0,1,0,0,0,0,1,0,5,0,7,30,0,0,0,1,1,0
1,1,0,1,0,0,0,0,0,1,3,1,1,60,0,0,1,0,1,0
0,0,0,0,0,0,1,0,0,0,1,1,,83,0,0,1,0,1,0
0,0,1,0,0,0,0,1,0,0,2,0,,85,1,0,1,0,1,1
1,0,0,0,0,0,1,0,0,1,4,0,10,48,1,0,0,0,1,0
0,0,1,0,0,0,0,0,1,0,5,0,7,31,1,0,0,0,1,1
0,0,1,0,0,0,0,0,0,1,4,0,,89,1,1,0,1,1,1
1,0,0,0,0,0,1,0,0,1,5,1,7,42,1,0,0,1,1,0
1,1,0,1,0,0,0,0,0,1,5,1,7,30,1,0,1,0,1,1
1,1,0,1,0,0,0,0,0,0,1,1,,59,1,0,0,0,0,1
1,0,0,0,0,0,1,1,0,0,1,1,1,69,1,0,1,1,1,1
1,1,0,1,0,0,0,1,0,0,5,1,5,34,1,0,0,1,0,0
0,0,0,0,0,0,1,0,0,1,4,0,,49,1,0,0,1,1,0
1,1,0,1,0,0,0,0,0,1,3,1,4,37,1,0,1,1,1,0
0,0,1,0,0,0,0,0,0,1,5,1,2,29,1,0,1,0,1,1
0,0,1,0,0,0,0,0,0,1,5,1,9,49,1,0,1,0,1,1
1,0,0,0,0,0,1,0,1,0,5,1,7,25,1,0,0,1,1,1
1,1,0,1,0,0,0,0,1,0,2,1,8,67,1,0,1,1,1,0
1,0,0,0,0,0,1,0,0,1,5,0,4,49,1,0,0,1,1,0
0,1,0,1,0,0,0,0,1,0,5,1,2,44,1,0,1,0,1,0
0,0,0,0,0,0,1,0,1,0,2,1,1,55,1,0,1,0,1,0
0,0,1,0,0,0,0,0,0,1,3,1,6,45,1,0,1,0,1,1
0,0,1,0,0,0,0,0,0,1,4,1,,70,1,0,1,0,0,1
1,1,0,1,0,0,0,0,0,1,4,1,8,37,1,0,1,1,1,0
0,0,1,0,0,0,0,0,0,1,3,1,6,51,1,0,0,1,0,0
1,0,1,0,0,0,0,0,0,1,5,0,6,42,1,0,0,0,1,1
0,1,0,0,0,1,0,0,1,0,5,1,4,24,1,0,0,1,1,0
0,0,0,0,0,0,1,0,0,1,5,0,,66,1,0,0,1,1,1
1,1,0,1,0,0,0,0,0,1,5,1,3,21,1,0,0,1,1,1
0,0,0,0,0,0,1,0,0,1,3,0,4,47,1,0,0,1,1,0
1,1,0,0,0,1,0,0,0,1,5,1,10,29,1,0,0,0,1,1
0,1,0,1,0,0,0,0,0,1,5,1,7,47,1,0,1,0,1,0
0,0,0,0,0,0,1,0,0,1,5,0,10,62,1,1,0,0,1,1
1,0,0,0,0,0,1,0,0,1,5,1,3,44,1,0,1,1,1,1
1,1,0,1,0,0,0,0,0,1,5,1,,74,1,0,1,1,1,1
1,1,0,1,0,0,0,0,1,0,5,1,10,31,1,0,1,1,1,0
0,0,1,0,0,0,0,1,0,0,3,0,3,50,1,0,1,1,1,0
0,0,0,0,0,0,1,0,0,1,5,1,4,31,1,0,1,1,1,0
0,0,1,0,0,0,0,1,0,0,5,0,4,60,1,1,0,0,1,1
0,0,1,0,0,0,0,0,0,1,3,0,4,37,1,0,1,1,1,0
0,0,1,0,0,0,0,0,0,0,1,1,8,58,1,0,1,1,1,0
0,0,0,0,0,0,1,0,0,1,5,0,10,35,1,0,0,1,1,0
1,0,0,0,0,0,1,0,0,0,5,1,,34,1,0,1,1,1,1
0,1,0,1,0,0,0,0,0,1,3,1,7,23,1,0,0,0,1,1
0,0,0,0,0,0,1,0,0,1,2,0,,69,1,0,1,0,1,1
1,1,0,1,0,0,0,0,1,0,3,1,5,42,1,0,0,1,1,0
0,0,1,0,0,0,0,1,0,0,5,0,1,52,1,1,1,1,1,0
1,1,0,1,0,0,0,0,1,0,3,1,6,47,1,0,0,1,1,1
1,1,0,1,0,0,0,0,1,0,5,1,8,57,1,0,1,1,1,1
0,0,1,0,0,0,0,0,0,1,3,0,3,69,1,0,0,0,1,0
1,1,0,1,0,0,0,1,0,0,5,1,10,37,1,0,0,0,1,1
0,0,1,0,0,0,0,1,0,0,2,0,6,67,1,0,1,0,1,1
0,0,1,0,0,0,0,0,0,1,4,0,5,49,1,0,1,1,1,0
1,0,0,0,0,0,1,0,0,1,3,1,10,58,1,0,1,1,1,0
1,1,0,0,0,1,0,0,0,1,5,1,7,33,1,0,0,1,1,0
1,0,0,0,0,0,1,0,0,1,3,1,3,61,1,0,0,1,1,0
0,0,1,0,0,0,0,0,0,1,2,1,4,52,1,0,1,0,1,1
0,1,0,1,0,0,0,0,1,0,5,1,4,34,1,0,1,1,1,1
1,1,0,1,0,0,0,0,0,1,4,0,3,42,1,0,0,1,1,0
0,0,0,0,0,0,1,1,0,0,4,0,5,60,1,0,0,1,1,1
1,0,0,0,0,0,1,0,0,1,5,1,4,25,1,0,1,1,1,1
0,0,0,0,0,0,1,0,0,0,1,1,,89,1,0,1,0,0,0
0,0,1,0,0,0,0,0,0,1,3,0,2,44,1,1,1,0,1,0
1,1,0,1,0,0,0,0,0,1,2,1,4,52,1,0,0,1,1,0
0,0,1,0,0,0,0,0,0,1,4,0,5,37,1,0,0,0,1,1
1,1,0,1,0,0,0,0,1,0,5,1,6,21,1,1,0,1,1,1
0,0,0,0,0,0,1,0,0,1,4,0,8,46,1,0,1,1,1,0
0,0,0,0,0,0,1,0,0,1,2,1,8,23,1,0,1,1,1,0
1,1,0,1,0,0,0,1,0,0,4,0,1,70,1,0,0,1,1,0
0,0,0,0,0,0,1,0,1,0,4,1,,41,1,0,1,0,1,0
1,1,0,1,0,0,0,0,0,1,1,1,2,56,1,0,1,1,1,1
1,0,0,0,0,0,1,0,0,1,3,1,,66,1,0,1,0,1,0
1,1,0,1,0,0,0,0,0,1,1,1,1,80,1,0,1,1,1,0
1,1,0,1,0,0,0,0,1,0,5,1,7,26,1,0,0,1,1,0
0,0,1,0,0,0,0,1,0,0,4,0,6,45,1,0,1,1,1,1
1,1,0,1,0,0,0,0,0,1,5,0,8,39,1,0,0,1,1,0
1,0,0,0,0,0,1,0,1,0,5,1,5,28,1,0,1,0,1,1
1,1,0,1,0,0,0,0,0,1,4,1,10,51,1,0,0,1,1,1
1,1,0,1,0,0,0,1,0,0,1,1,2,69,1,0,1,0,1,0
0,1,0,1,0,0,0,0,1,0,2,1,1,57,1,0,0,1,1,0
0,0,0,0,0,0,1,0,0,0,1,1,1,82,1,0,0,1,0,0
1,1,0,1,0,0,0,0,0,1,3,1,5,49,1,0,0,1,1,1
1,1,0,1,0,0,0,0,1,0,4,0,1,44,1,0,1,1,1,0
1,0,0,0,0,0,1,0,0,1,2,1,,65,1,0,0,1,1,0
0,1,0,0,0,1,0,0,1,0,5,1,3,34,1,0,0,1,1,0
1,1,0,1,0,0,0,0,0,1,5,1,5,65,1,0,0,1,1,0
0,0,0,0,0,0,1,0,0,1,3,1,5,49,1,0,1,1,1,1
1,1,0,1,0,0,0,0,1,0,1,1,10,80,1,0,1,1,1,0
1,1,0,1,0,0,0,0,1,0,2,1,1,56,1,0,0,1,1,0
0,0,0,0,0,0,1,0,0,0,1,0,,63,1,0,1,0,1,0
0,0,0,0,1,0,0,0,0,1,2,0,2,56,1,0,1,1,1,1
0,0,1,0,0,0,0,0,0,1,5,1,,22,1,0,1,0,1,0
1,1,0,1,0,0,0,0,1,0,5,1,9,40,1,0,0,1,1,0
1,1,0,1,0,0,0,0,0,1,2,1,7,47,1,0,1,0,1,0
1,1,0,1,0,0,0,0,0,1,1,0,9,54,1,0,0,1,1,0
1,1,0,1,0,0,0,0,1,0,3,1,3,40,1,0,0,1,1,0
0,0,1,0,0,0,0,0,0,1,3,1,4,63,1,0,1,0,1,0
1,1,0,1,0,0,0,0,0,1,3,0,6,48,1,0,0,1,1,0
1,1,0,1,0,0,0,0,0,1,3,1,1,54,1,0,1,0,1,0
1,1,0,1,0,0,0,0,1,0,5,1,3,27,1,0,1,0,1,0
1,1,0,0,0,1,0,0,1,0,5,1,7,33,1,0,0,1,1,0
0,0,0,0,0,0,1,0,0,1,3,1,1,43,1,0,1,1,1,0
1,0,0,0,0,0,1,1,0,0,1,1,,66,1,0,0,1,1,1
1,1,0,1,0,0,0,0,1,0,3,1,4,59,1,0,1,1,1,0
0,0,0,0,0,0,1,0,0,0,1,0,1,80,1,0,1,0,0,0
1,1,0,1,0,0,0,1,0,0,3,1,2,66,1,0,0,1,1,0
0,0,0,0,0,0,1,0,1,0,2,1,4,27,1,0,1,0,1,0
1,1,0,1,0,0,0,0,0,1,3,1,2,45,1,0,1,0,1,0
0,1,0,1,0,0,0,0,1,0,5,0,8,35,1,0,1,0,1,0
0,1,0,1,0,0,0,0,0,1,1,1,,82,1,0,0,0,1,0
0,0,0,0,0,0,1,0,0,1,4,0,7,58,1,1,0,0,0,1
1,1,0,1,0,0,0,0,0,1,5,1,2,42,1,0,0,0,1,0
0,0,0,0,0,0,1,0,0,1,1,0,,59,1,0,1,0,1,0
1,1,0,1,0,0,0,1,0,0,5,0,9,50,1,0,0,1,1,0
1,1,0,1,0,0,0,0,0,1,1,1,3,73,1,0,0,1,1,0
0,1,0,1,0,0,0,0,1,0,5,1,4,60,1,0,0,0,1,0
1,1,0,1,0,0,0,0,1,0,4,0,5,44,1,0,0,1,1,0
0,0,0,0,0,0,1,0,0,1,5,0,4,60,1,0,1,0,1,0
1,1,0,1,0,0,0,0,0,1,2,1,4,38,1,0,0,1,1,0
0,0,1,0,0,0,0,1,0,0,5,0,6,53,1,1,1,1,1,0
0,0,0,0,0,0,1,0,0,1,4,1,4,51,1,0,0,0,1,1
1,1,0,1,0,0,0,0,0,0,1,1,,70,1,0,1,0,1,0
1,0,0,0,0,0,1,0,0,1,1,0,,75,1,0,1,0,1,0
0,0,1,0,0,0,0,0,1,0,3,1,6,46,1,0,0,0,1,1
1,1,0,1,0,0,0,0,1,0,5,1,9,22,1,0,1,1,1,0
0,0,1,0,0,0,0,0,0,1,3,1,,63,1,0,1,0,1,1
1,1,0,1,0,0,0,0,1,0,3,1,7,38,1,0,1,0,1,1
1,1,0,1,0,0,0,0,1,0,5,1,4,48,1,0,1,1,1,0
1,1,0,1,0,0,0,0,1,0,5,1,8,32,1,0,1,0,1,1
1,0,0,0,0,0,1,0,0,1,4,0,,72,1,1,1,1,1,1
1,1,0,1,0,0,0,0,1,0,5,1,1,37,1,0,1,1,1,0
0,0,1,0,0,0,0,0,0,1,2,0,9,71,0,0,1,0,0,1
0,0,0,0,0,0,1,0,0,1,4,1,2,23,0,0,0,1,1,1
0,0,1,0,0,0,0,0,0,1,5,0,4,45,0,1,0,1,1,1
0,0,1,0,0,0,0,0,0,1,3,0,10,50,0,0,1,1,0,0
0,0,1,0,0,0,0,1,0,0,3,0,,44,0,1,1,0,1,1
1,0,0,0,0,0,1,0,0,1,5,0,9,34,0,0,1,0,1,0
1,1,0,1,0,0,0,0,1,0,5,1,9,27,0,0,1,1,1,0
1,1,0,1,0,0,0,0,1,0,1,1,5,55,0,0,0,1,1,0
0,0,0,0,0,0,1,0,0,1,3,1,,33,0,0,0,1,1,1
1,0,0,0,0,0,1,0,1,0,3,1,1,38,0,0,1,0,1,1
0,1,0,1,0,0,0,0,0,1,5,1,10,26,0,0,0,0,1,1
0,0,0,0,0,0,1,0,0,1,5,1,,49,0,0,1,0,1,1
0,0,0,0,0,0,1,0,0,0,1,1,1,83,0,0,1,0,0,0
1,1,0,1,0,0,0,0,1,0,5,1,,21,0,0,1,0,1,1
0,0,0,0,0,0,1,0,1,0,4,1,10,34,0,0,0,1,1,0
0,0,1,0,0,0,0,0,0,1,2,0,6,46,0,0,0,1,1,0
1,1,0,1,0,0,0,0,0,1,1,1,1,73,0,0,1,1,1,0
0,0,1,0,0,0,0,1,0,0,1,0,8,67,0,0,0,0,1,0
0,0,0,0,1,0,0,1,0,0,3,1,5,53,0,0,0,1,1,0
0,0,0,0,0,0,1,0,0,0,3,0,,60,0,0,0,0,1,0
1,1,0,1,0,0,0,1,0,0,4,1,2,39,0,0,0,1,1,0
0,1,0,0,0,0,0,0,0,1,3,1,6,53,0,0,0,1,1,0
0,0,1,0,0,0,0,1,0,0,3,0,5,52,0,1,1,1,1,1
0,0,0,0,0,0,1,0,1,0,5,1,3,22,0,0,0,1,1,0
0,0,0,0,0,0,1,0,0,1,2,0,4,48,0,0,0,1,1,0
1,0,0,0,0,0,1,0,0,1,3,1,9,57,0,0,0,0,1,1
0,0,0,0,0,0,1,0,0,1,3,0,2,48,0,0,1,0,1,0
1,1,0,1,0,0,0,0,1,0,5,1,3,22,0,0,0,0,1,1
0,0,0,0,0,0,1,0,0,0,1,1,,79,0,0,1,0,1,0
0,0,1,0,0,0,0,1,0,0,3,0,9,60,0,0,1,0,1,1
1,0,0,0,0,0,1,0,0,1,3,1,6,55,0,1,1,1,1,0
0,0,0,0,0,0,1,0,1,0,3,1,3,31,0,0,1,1,1,0
1,1,0,1,0,0,0,0,0,1,1,0,3,64,0,0,0,1,1,0
1,1,0,1,0,0,0,0,1,0,5,1,2,24,0,0,0,0,1,1
0,0,1,0,0,0,0,0,0,1,3,0,6,51,0,0,0,0,1,1
1,1,0,1,0,0,0,0,1,0,5,1,9,23,0,0,1,0,1,1
1,1,0,1,0,0,0,0,1,0,1,1,,78,0,0,1,0,1,0
0,0,0,0,0,0,1,1,0,0,2,0,2,65,0,0,0,0,1,0
0,0,0,0,0,0,1,0,0,1,3,1,,41,0,0,0,0,1,0
0,0,1,0,0,0,0,1,0,0,2,0,1,73,0,0,0,1,1,0
1,1,0,1,0,0,0,0,1,0,4,1,9,36,0,0,1,1,1,0
1,1,0,1,0,0,0,1,0,0,1,1,5,68,0,0,1,0,1,0
1,1,0,1,0,0,0,0,0,0,1,0,4,38,0,0,1,1,0,0
0,0,1,0,0,0,0,0,0,1,5,0,9,56,0,0,0,0,0,0
0,0,0,0,0,0,1,1,0,0,5,0,9,44,0,1,0,1,1,1
0,1,0,0,0,1,0,0,0,1,3,0,3,32,0,0,0,0,1,0
1,1,0,1,0,0,0,0,0,1,1,1,3,60,0,0,1,1,0,1
0,1,0,1,0,0,0,0,0,1,3,0,10,22,0,0,0,1,1,0
0,0,1,0,0,0,0,1,0,0,4,0,10,56,0,0,1,1,1,0
0,0,1,0,0,0,0,0,0,1,2,0,10,49,0,0,1,0,0,1
1,0,0,0,0,0,1,0,0,1,4,1,6,76,0,0,0,1,1,0
1,0,0,0,0,0,1,0,0,1,5,1,8,26,0,0,0,1,1,0
1,1,0,1,0,0,0,0,0,1,5,0,1,57,0,0,1,1,1,1
1,0,0,0,0,0,1,0,0,1,5,1,7,22,0,0,1,1,1,1
0,0,1,0,0,0,0,0,0,0,3,0,1,64,0,0,0,1,1,1
0,0,0,0,0,0,1,0,0,0,3,1,6,43,0,0,1,1,1,1
1,0,0,0,0,0,1,0,1,0,5,1,,26,0,0,0,0,1,0
0,0,0,0,0,0,1,1,0,0,3,1,9,46,0,0,0,0,1,1
1,1,0,1,0,0,0,0,0,1,3,0,5,70,0,0,0,1,1,0
0,0,1,0,0,0,0,0,0,1,1,0,10,78,0,0,0,0,1,1
0,0,1,0,0,0,0,1,0,0,5,0,10,60,0,0,1,1,1,1
1,0,0,0,0,0,1,0,0,1,5,1,4,38,1,0,1,1,1,0
0,0,0,0,0,0,1,0,0,1,1,0,,64,1,0,0,0,0,0
1,0,0,0,0,0,1,0,0,0,1,1,1,79,1,0,1,0,1,0
0,0,1,0,0,0,0,0,0,1,3,0,2,59,1,1,0,1,1,0
1,1,0,1,0,0,0,0,0,1,2,1,1,64,1,0,0,1,1,0
0,0,1,0,0,0,0,0,0,1,4,0,10,46,1,0,0,1,1,1
0,0,0,0,0,0,1,0,0,0,3,0,,36,1,0,0,1,0,1
1,0,0,0,0,0,1,0,0,0,1,0,1,60,1,0,1,1,1,0
1,0,1,0,0,0,0,1,0,0,5,0,9,72,1,0,0,0,1,1
1,1,0,1,0,0,0,0,1,0,3,1,4,59,1,0,0,1,1,0
0,0,0,0,0,0,1,0,0,1,5,1,2,31,1,0,0,1,1,0
1,0,0,0,0,0,1,0,1,0,4,0,9,21,1,0,0,0,1,1
0,0,1,0,0,0,0,0,0,1,3,0,,41,1,0,0,1,1,0
0,0,0,0,0,0,1,0,0,1,5,0,3,51,1,0,1,0,1,1
1,0,0,0,0,0,1,0,0,1,1,1,3,60,1,0,1,1,1,1
1,1,0,1,0,0,0,0,0,0,1,1,2,75,1,0,1,0,1,1
0,0,0,0,0,0,1,0,0,0,1,1,,86,1,0,1,0,0,0
0,0,0,0,0,0,1,0,0,1,2,0,,51,1,0,0,1,1,1
1,1,0,1,0,0,0,0,1,0,5,1,4,27,1,0,1,0,1,1
1,0,0,0,0,0,1,0,0,1,1,1,,61,1,0,0,1,1,0
1,0,0,0,0,0,1,0,0,0,1,1,5,80,1,0,1,1,1,0
1,0,0,0,0,0,1,0,1,0,1,1,7,40,1,0,0,1,1,0
0,0,0,0,0,0,1,0,0,0,2,1,,55,1,0,0,1,1,0
1,1,0,1,0,0,0,0,0,1,3,1,5,42,1,0,1,1,1,0
0,0,1,0,0,0,0,0,0,1,5,1,9,26,1,0,1,0,1,1
1,1,0,1,0,0,0,0,0,1,2,1,,49,1,0,0,0,1,1
1,0,0,0,0,0,1,0,1,0,1,1,,60,1,0,1,1,1,0
0,0,0,0,0,0,1,0,0,1,2,0,5,40,1,0,1,0,1,1
0,1,0,1,0,0,0,0,0,1,3,1,10,29,1,0,1,0,1,1
0,0,0,0,0,0,1,0,0,0,1,1,,77,1,0,1,0,1,0
1,1,0,1,0,0,0,0,0,1,1,0,2,65,1,0,1,1,1,1
1,1,0,1,0,0,0,0,1,0,5,1,2,30,1,0,0,1,1,0
1,1,0,1,0,0,0,0,0,1,5,1,5,45,1,0,1,1,1,0
1,1,0,1,0,0,0,1,0,0,3,0,1,39,1,0,0,1,1,0
1,1,0,1,0,0,0,0,0,1,1,0,,86,1,0,0,0,0,0
1,1,0,1,0,0,0,0,0,1,3,1,,49,1,0,0,0,1,1
0,1,0,1,0,0,0,0,0,1,3,1,2,24,1,0,0,1,1,0
1,1,0,1,0,0,0,0,0,1,1,1,2,72,1,0,0,1,1,0
1,1,0,1,0,0,0,0,0,1,2,1,8,50,1,0,1,1,1,0
0,0,0,0,0,0,1,0,0,1,1,1,1,65,1,0,1,0,1,0
1,1,0,1,0,0,0,1,0,0,3,0,6,62,1,0,0,1,1,1
0,1,0,1,0,0,0,0,1,0,3,1,1,32,1,0,1,0,1,0
1,0,0,0,0,0,1,0,1,0,3,1,1,35,1,0,0,0,0,0
0,0,1,0,0,0,0,0,0,1,2,1,,85,1,0,0,0,1,0
1,1,0,0,0,1,0,0,1,0,5,1,4,26,1,0,0,1,1,1
1,0,0,0,0,0,1,0,0,0,1,0,,49,1,0,1,1,0,0
1,1,0,1,0,0,0,0,1,0,3,1,1,52,0,0,0,1,1,0
1,1,0,1,0,0,0,0,0,1,1,0,1,81,0,0,0,1,1,0
0,0,1,0,0,0,0,0,0,1,1,0,1,65,0,0,0,1,1,1
1,1,0,1,0,0,0,0,0,1,3,1,3,42,0,0,0,1,1,1
1,1,0,1,0,0,0,0,1,0,5,1,9,40,0,0,1,1,1,1
1,0,0,0,0,0,1,0,0,1,4,0,6,38,0,0,0,0,1,1
0,0,0,0,0,0,1,0,0,1,1,0,1,74,0,0,1,1,1,0
0,0,1,0,0,0,0,0,0,1,5,1,4,49,0,0,1,1,1,1
0,0,0,0,0,0,1,0,0,1,5,0,,67,0,0,0,1,1,0
0,0,0,0,1,0,0,0,0,1,4,0,,68,0,0,0,0,1,1
0,0,0,0,0,0,1,0,0,0,5,1,,28,0,0,1,1,1,0
0,1,0,0,0,1,0,0,1,0,5,1,4,28,0,0,0,0,1,1
0,0,0,0,0,0,1,0,0,0,4,1,,51,0,0,1,0,1,1
1,1,0,1,0,0,0,0,0,1,5,1,3,22,0,0,1,0,1,0
1,0,1,0,0,0,0,0,0,1,4,0,7,46,0,0,1,1,1,0
1,1,0,1,0,0,0,0,0,1,1,1,5,71,0,0,0,1,1,0
1,1,0,1,0,0,0,0,1,0,3,1,3,61,0,0,0,1,1,0
1,1,0,1,0,0,0,0,1,0,3,1,1,35,0,0,0,1,1,0
0,1,0,1,0,0,0,0,0,1,3,1,3,37,0,0,1,1,1,0
0,0,1,0,0,0,0,0,0,1,5,0,,23,0,1,1,0,1,1
1,1,0,0,0,1,0,0,1,0,5,0,,24,0,0,0,0,1,0
0,0,1,0,0,0,0,0,0,1,5,0,9,50,0,0,1,0,1,1
1,1,0,1,0,0,0,0,0,1,3,1,1,79,0,0,0,1,1,0
0,0,0,0,0,0,1,0,0,1,4,1,,21,0,0,0,0,1,1
1,1,0,0,0,1,0,0,0,1,5,0,10,52,0,0,1,1,1,1
1,1,0,1,0,0,0,0,1,0,5,1,3,34,0,0,1,1,1,0
1,0,0,0,0,0,1,0,0,1,5,1,8,22,0,0,1,0,1,1
0,0,0,0,0,0,1,0,0,1,5,1,,35,0,0,1,0,1,0
0,1,0,1,0,0,0,0,0,1,5,0,10,39,0,0,1,1,1,1
1,1,0,1,0,0,0,0,0,0,2,1,2,83,0,0,0,1,1,0
0,0,0,0,0,0,1,1,0,0,3,0,10,75,0,0,0,1,1,0
1,1,0,1,0,0,0,0,1,0,3,1,4,59,0,0,0,1,1,0
1,1,0,1,0,0,0,0,1,0,1,1,8,84,0,0,1,0,1,0
1,0,0,0,0,0,1,0,0,1,2,1,7,63,0,0,1,1,1,1
1,0,0,0,0,0,1,0,1,0,5,1,8,24,0,0,1,1,1,0
1,1,0,1,0,0,0,0,1,0,1,1,5,63,0,0,1,1,1,1
0,0,1,0,0,0,0,1,0,0,5,0,8,71,0,0,0,0,1,1
0,1,0,1,0,0,0,0,0,1,5,0,3,57,0,0,0,1,1,1
1,1,0,1,0,0,0,0,1,0,1,1,1,66,0,0,0,1,1,0
0,0,1,0,0,0,0,1,0,0,5,0,10,60,0,0,0,1,1,1
0,0,1,0,0,0,0,0,0,1,5,1,10,33,0,0,0,0,1,1
0,0,0,0,0,0,1,1,0,0,4,0,10,55,0,0,1,0,0,1
1,0,0,0,0,0,1,0,1,0,5,1,8,25,0,0,1,1,1,0
1,1,0,1,0,0,0,0,1,0,3,1,5,53,0,1,1,1,1,0
0,0,0,0,0,0,1,0,0,1,4,0,10,40,0,0,1,0,1,1
1,1,0,1,0,0,0,0,0,1,5,1,6,24,0,0,1,0,1,1
1,1,0,1,0,0,0,0,1,0,2,1,1,58,1,0,0,1,1,1
1,1,0,1,0,0,0,0,1,0,1,1,,84,1,0,1,1,1,0
1,1,0,1,0,0,0,0,0,1,2,0,2,42,1,0,0,1,1,0
0,0,0,0,0,0,1,0,0,1,5,0,2,66,1,0,0,0,0,1
1,0,0,0,0,0,1,0,1,0,5,1,2,27,1,0,1,1,1,1
0,0,1,0,0,0,0,0,0,1,4,0,10,47,1,0,1,0,1,1
0,0,1,0,0,0,0,1,0,0,4,1,7,27,1,0,0,1,1,1
0,0,1,0,0,0,0,1,0,0,4,0,4,85,1,1,0,1,1,1
0,0,0,0,0,0,1,0,0,0,1,1,,70,1,0,1,1,1,0
0,0,0,0,0,0,1,0,0,1,3,0,4,60,1,1,1,1,1,0
1,1,0,1,0,0,0,0,0,1,2,0,4,47,1,0,1,1,1,0
0,0,1,0,0,0,0,1,0,0,4,1,6,52,1,0,1,0,1,1
0,0,0,0,0,0,1,0,0,1,5,0,7,43,1,0,1,0,1,0
1,1,0,1,0,0,0,0,0,1,1,1,1,80,1,0,1,1,1,0
0,0,1,0,0,0,0,0,0,1,5,1,5,55,1,0,0,0,1,1
0,0,1,0,0,0,0,0,0,1,5,0,4,66,1,1,0,1,1,1
0,1,0,1,0,0,0,0,1,0,5,1,9,22,1,0,0,0,1,0
0,0,1,0,0,0,0,0,0,1,5,0,,65,1,0,1,0,1,1
0,0,0,0,0,0,1,0,0,1,5,0,10,29,1,1,0,1,1,1
1,1,0,1,0,0,0,0,1,0,5,1,,21,1,0,0,1,1,0
1,0,0,0,0,0,1,0,0,1,1,1,2,57,1,0,1,1,1,1
0,0,1,0,0,0,0,0,0,1,3,1,,51,1,0,1,1,1,0
1,1,0,1,0,0,0,0,1,0,5,1,7,52,1,0,0,1,1,0
1,0,0,0,0,0,1,0,1,0,5,1,5,27,1,0,0,1,1,0
1,1,0,1,0,0,0,0,0,1,4,0,8,64,1,0,0,1,1,1
1,0,0,0,0,0,1,0,1,0,5,1,1,55,1,0,1,0,1,1
1,1,0,1,0,0,0,0,0,1,5,1,2,29,1,0,1,1,1,0
1,1,0,1,0,0,0,0,1,0,1,1,9,72,1,0,1,1,1,0
1,1,0,1,0,0,0,0,0,1,5,1,9,34,1,0,1,1,1,0
0,0,0,0,0,0,1,0,1,0,5,1,10,57,1,0,0,0,1,1
0,0,1,0,0,0,0,0,0,1,5,0,7,64,1,1,0,1,0,1
0,0,0,0,1,0,0,0,0,1,5,0,,49,1,1,0,1,1,1
1,1,0,1,0,0,0,0,1,0,3,1,4,35,1,1,1,1,1,0
1,1,0,1,0,0,0,0,1,0,1,1,1,69,1,0,1,0,1,0
0,0,1,0,0,0,0,1,0,0,4,0,4,66,1,1,0,1,1,0
1,1,0,1,0,0,0,0,1,0,2,1,7,51,1,0,0,0,1,0
1,1,0,1,0,0,0,0,1,0,2,1,6,58,1,0,0,1,1,0
0,0,1,0,0,0,0,0,0,1,3,0,6,62,1,1,0,0,1,1
1,1,0,1,0,0,0,0,0,1,5,1,7,25,1,0,1,0,1,0
1,0,0,0,0,0,1,0,1,0,1,0,1,58,1,0,0,0,1,0
1,1,0,1,0,0,0,1,0,0,3,0,2,65,1,0,0,1,1,0
0,0,0,0,1,0,0,0,1,0,3,1,,46,1,0,1,1,1,1
0,0,1,0,0,0,0,0,0,0,1,0,3,54,1,1,1,1,0,0
0,0,0,0,0,0,1,1,0,0,3,1,6,38,1,0,0,1,1,1
1,1,0,1,0,0,0,0,1,0,5,1,1,30,1,0,1,1,1,1
1,1,0,1,0,0,0,0,0,1,5,1,8,37,1,0,0,0,1,0
1,1,0,1,0,0,0,0,1,0,3,1,5,59,1,0,0,0,1,0
0,0,0,0,0,0,1,0,0,1,2,1,4,69,1,0,0,0,1,1
1,1,0,1,0,0,0,0,1,0,1,1,2,69,1,0,1,1,1,0
1,1,0,1,0,0,0,0,1,0,5,1,5,22,1,0,0,0,1,1
0,0,1,0,0,0,0,0,0,1,4,1,3,50,1,0,0,0,1,1
1,1,0,1,0,0,0,0,1,0,3,1,4,46,1,0,1,1,1,0
1,1,0,1,0,0,0,0,0,1,1,1,2,57,1,0,1,1,1,0
0,1,0,1,0,0,0,0,0,0,,1,,50,1,0,0,0,1,1
0,0,0,0,0,0,1,0,0,1,1,0,,57,1,0,0,0,1,1
0,0,0,0,0,0,1,0,1,0,1,1,,84,1,0,1,0,1,0
0,0,0,0,0,0,1,0,0,1,1,1,,59,1,0,1,0,1,0
0,0,0,0,0,0,1,0,1,0,5,1,,43,1,0,0,1,1,0
0,0,0,0,0,0,1,0,0,1,1,1,,67,1,0,1,1,1,0
0,0,0,0,0,0,1,0,0,1,5,1,,21,1,0,1,0,1,0
0,1,0,1,0,0,0,0,1,0,3,1,6,21,0,0,0,0,1,0
0,0,0,0,0,0,1,0,0,1,1,1,,73,0,0,0,1,1,0
0,0,0,0,0,0,1,0,0,1,3,0,,45,0,0,1,1,0,0
0,0,1,0,0,0,0,0,0,1,5,0,8,29,0,0,1,0,0,1
1,1,0,1,0,0,0,0,0,1,1,1,1,63,0,0,1,1,1,0
0,0,1,0,0,0,0,1,0,0,5,0,8,37,0,1,0,1,1,1
0,0,1,0,0,0,0,0,0,1,3,1,3,65,0,0,1,0,1,1
0,1,0,1,0,0,0,0,1,0,5,0,9,34,0,0,1,1,1,0
1,1,0,0,0,0,0,0,0,1,3,0,6,59,0,0,0,1,1,0
1,1,0,1,0,0,0,0,1,0,3,0,1,21,0,0,1,0,1,0
1,0,0,0,0,0,1,0,1,0,1,1,1,65,0,0,0,0,1,0
0,1,0,1,0,0,0,0,1,0,3,1,4,39,0,0,1,0,1,1
1,1,0,1,0,0,0,0,1,0,1,1,,65,0,0,0,1,1,1
0,1,0,1,0,0,0,0,1,0,3,1,7,47,0,0,0,1,1,1
0,0,1,0,0,0,0,0,0,1,4,0,9,53,0,0,0,1,1,0
0,0,1,0,0,0,0,0,1,0,5,1,4,39,0,0,0,0,1,0
1,0,0,0,0,0,1,0,0,1,3,1,4,24,0,0,1,1,1,1
1,1,0,1,0,0,0,0,1,0,4,1,10,44,0,0,0,0,0,0
0,0,0,0,0,0,1,0,0,1,1,0,1,73,0,0,0,0,0,1
1,1,0,1,0,0,0,0,0,1,5,0,4,52,0,0,0,1,1,0
0,0,1,0,0,0,0,0,0,1,5,0,9,53,0,0,1,0,1,1
0,0,1,0,0,0,0,0,0,1,5,0,8,57,0,0,0,1,1,1
0,0,1,0,0,0,0,1,0,0,3,0,8,47,0,1,1,0,1,0
0,0,0,0,0,0,1,0,0,1,5,0,6,45,0,1,0,1,1,1
0,0,0,0,0,0,1,0,0,1,3,0,5,35,0,0,0,0,1,1
1,1,0,1,0,0,0,0,1,0,5,1,5,38,0,0,1,0,1,0
1,1,0,0,0,1,0,0,0,1,5,1,10,23,0,1,1,0,1,1
1,1,0,1,0,0,0,0,0,1,3,1,5,56,0,0,0,1,1,0
0,0,0,0,0,0,1,0,0,1,3,1,6,61,0,1,1,0,1,1
0,0,1,0,0,0,0,0,0,1,3,1,2,54,0,0,1,0,1,1
0,0,1,0,0,0,0,0,0,1,3,0,10,69,0,1,0,1,1,1
0,1,0,0,0,1,0,0,1,0,5,1,10,44,0,0,0,1,1,1
0,0,1,0,0,0,0,0,0,1,4,1,8,46,0,0,1,0,1,0
0,0,1,0,0,0,0,0,1,0,5,0,10,50,0,1,0,0,1,1
0,0,0,0,0,0,1,0,1,0,5,1,4,47,0,1,0,1,1,0
0,0,1,0,0,0,0,1,0,0,3,0,6,54,0,0,1,0,1,1
1,1,0,1,0,0,0,0,1,0,1,1,10,71,0,0,1,1,1,0
1,1,0,1,0,0,0,0,1,0,5,1,2,31,0,0,1,1,1,1
0,0,0,0,1,0,0,0,0,1,5,1,4,28,0,0,1,0,1,0
1,0,0,0,0,0,1,0,0,1,3,1,7,46,0,0,0,1,1,0
0,0,1,0,0,0,0,0,0,1,3,0,10,57,0,0,1,0,1,1
1,1,0,1,0,0,0,0,1,0,3,1,10,43,0,0,1,1,1,0
0,0,0,0,0,0,1,0,0,1,3,0,7,48,0,0,0,1,1,0
1,0,0,0,0,0,1,0,0,0,1,1,,67,0,0,0,0,0,0
0,0,0,0,0,0,1,1,0,0,3,1,,73,0,0,1,0,1,0
1,1,0,1,0,0,0,0,1,0,5,1,10,27,0,0,0,0,1,1
1,1,0,1,0,0,0,0,1,0,5,1,10,32,0,0,1,0,1,1
1,1,0,1,0,0,0,0,0,1,4,1,,38,0,0,1,0,1,0
1,1,0,1,0,0,0,0,1,0,2,1,,56,1,0,1,1,1,0
1,1,0,1,0,0,0,0,1,0,4,1,5,76,1,0,0,1,1,0
1,0,0,0,0,0,1,0,1,0,3,1,8,63,1,0,0,1,1,0
0,0,1,0,0,0,0,0,0,1,5,1,10,36,1,0,0,0,1,1
1,1,0,1,0,0,0,0,1,0,3,1,,59,1,0,0,0,1,1
0,0,1,0,0,0,0,0,0,1,3,0,1,51,1,0,1,0,1,1
0,0,0,0,0,0,1,0,0,1,4,1,7,21,1,0,0,1,1,1
1,1,0,1,0,0,0,0,1,0,5,1,7,65,1,0,0,1,1,0
1,1,0,1,0,0,0,0,1,0,5,1,10,30,1,0,0,1,1,1
0,0,0,0,0,0,1,0,0,1,4,0,8,34,1,0,1,1,1,0
0,0,0,0,0,0,1,0,0,0,,1,,55,1,0,0,1,1,0
1,0,0,0,0,0,1,0,0,0,1,1,,63,1,0,1,0,0,1
0,0,0,0,0,0,1,0,0,1,2,1,,21,1,0,0,1,1,0
1,1,0,1,0,0,0,0,0,1,5,1,8,28,1,0,0,1,1,1
0,0,0,0,0,0,1,0,0,0,5,0,,43,1,0,0,0,1,0
0,1,0,1,0,0,0,0,1,0,5,1,,60,1,0,1,1,1,1
0,0,0,0,0,0,1,0,0,1,5,1,4,26,1,0,1,0,1,1
1,0,0,0,0,0,1,0,0,1,5,1,2,34,1,0,0,1,0,0
0,0,1,0,0,0,0,0,1,0,5,1,3,22,1,0,0,1,1,1
0,0,1,0,0,0,0,0,0,1,3,0,9,48,1,1,0,0,1,1
0,0,0,0,0,0,1,0,0,1,5,0,,50,1,0,1,1,1,1
0,0,0,0,0,0,1,0,0,1,5,0,10,31,1,0,0,0,1,1
0,0,0,0,0,0,1,1,0,0,3,1,5,55,1,0,0,1,1,0
1,1,0,1,0,0,0,0,0,1,3,1,,30,1,0,1,1,1,1
1,0,0,0,0,0,1,0,0,0,1,0,,65,1,0,1,1,1,0
1,1,0,1,0,0,0,0,1,0,3,1,3,21,1,0,1,0,1,0
0,0,0,0,0,0,1,0,0,1,5,1,10,44,1,0,0,1,0,0
0,0,0,0,0,0,1,0,0,1,3,1,2,43,1,0,1,1,1,1
0,1,0,0,0,1,0,0,1,0,4,0,1,30,1,0,1,1,1,1
1,0,0,0,0,0,1,0,0,1,1,1,1,61,1,0,1,1,1,0
1,1,0,1,0,0,0,0,0,1,3,1,,51,1,0,1,1,1,0
0,0,0,0,0,0,1,0,0,1,5,0,10,25,1,0,0,0,1,1
1,0,0,0,0,0,1,1,0,0,1,1,4,69,1,0,0,1,1,0
1,1,0,0,0,1,0,0,1,0,3,1,5,38,1,0,0,1,1,0
0,0,1,0,0,0,0,0,1,0,2,0,4,48,1,0,0,0,1,1
1,1,0,0,0,1,0,0,1,0,5,1,7,32,1,0,1,0,1,0
0,1,0,1,0,0,0,1,0,0,3,1,,65,1,0,0,1,1,0
0,0,0,0,0,0,1,1,0,0,3,0,3,55,1,1,0,1,1,0
1,1,0,1,0,0,0,0,1,0,3,1,1,47,1,0,1,1,1,0
0,1,0,1,0,0,0,0,1,0,5,1,5,23,1,0,0,1,1,1
1,1,0,1,0,0,0,0,1,0,5,1,10,24,1,0,1,1,1,1
0,0,0,0,0,0,1,0,1,0,3,0,10,23,1,0,0,1,1,0
1,0,0,0,0,0,1,0,0,1,1,0,,64,1,0,1,1,1,0
0,1,0,1,0,0,0,0,0,1,5,1,8,48,1,0,1,0,1,1
1,1,0,1,0,0,0,0,0,1,3,0,1,56,1,0,0,1,1,1
1,0,0,0,0,0,1,0,1,0,5,1,,35,1,0,0,1,1,1
0,0,0,0,0,0,1,0,0,1,3,1,2,43,1,0,1,1,1,0
0,0,1,0,0,0,0,1,0,0,3,0,7,68,1,0,0,0,0,0
1,1,0,0,0,1,0,0,0,1,5,0,7,25,1,0,1,1,1,1
1,0,0,0,0,0,1,0,0,1,3,1,4,56,1,0,0,1,1,0
1,1,0,1,0,0,0,0,1,0,5,1,5,22,1,0,0,0,1,0
1,1,0,1,0,0,0,0,0,1,1,1,1,78,1,0,1,1,1,1
1,1,0,1,0,0,0,0,0,1,1,1,9,74,1,0,0,1,1,1
1,1,0,1,0,0,0,0,0,1,3,0,1,37,1,0,0,1,1,0
0,0,0,0,0,0,1,0,0,1,3,1,6,46,1,0,0,0,1,1
1,1,0,1,0,0,0,0,1,0,5,1,9,41,1,0,1,1,1,1
0,1,0,1,0,0,0,0,1,0,5,1,6,22,1,0,1,0,1,1
0,1,0,1,0,0,0,1,0,0,4,1,4,34,1,0,0,1,1,0
1,0,0,0,0,0,1,0,0,0,1,1,5,81,1,0,1,0,1,0
0,0,0,0,0,0,1,0,0,1,3,0,1,57,1,0,1,1,1,0
1,1,0,1,0,0,0,0,0,1,1,1,10,62,1,0,0,1,1,1
1,1,0,1,0,0,0,0,0,1,1,1,6,65,1,0,1,1,1,0
1,1,0,1,0,0,0,0,0,1,2,1,,42,1,0,0,1,1,0
0,0,1,0,0,0,0,0,1,0,1,1,1,37,1,0,1,1,1,0
0,0,0,0,0,0,1,0,1,0,5,1,,28,1,0,1,0,1,0
1,1,0,1,0,0,0,0,0,1,5,1,5,35,1,0,0,0,1,0
0,0,1,0,0,0,0,1,0,0,3,1,3,59,1,1,1,1,1,0
0,0,0,0,0,0,1,1,0,0,2,0,7,53,1,0,1,0,1,0
1,1,0,1,0,0,0,0,1,0,1,1,,67,1,0,1,1,1,0
0,0,0,0,0,0,1,0,1,0,4,1,,37,1,0,0,1,1,1
1,1,0,1,0,0,0,0,1,0,4,1,1,61,1,0,0,1,1,0
0,0,0,0,0,0,1,0,0,1,1,1,,75,1,0,0,1,1,1
1,0,0,0,0,0,1,0,0,1,3,1,6,46,1,0,0,1,1,1
0,0,1,0,0,0,0,0,0,1,4,0,9,53,1,0,0,0,1,1
0,0,1,0,0,0,0,0,0,1,3,0,8,47,1,0,1,0,1,0
1,1,0,1,0,0,0,0,0,1,4,0,8,41,1,0,1,1,1,1
1,1,0,1,0,0,0,0,0,1,2,1,,68,1,0,1,1,1,0
1,1,0,1,0,0,0,0,1,0,5,1,,24,1,0,1,1,1,0
1,0,1,0,0,0,0,0,1,0,5,1,,36,1,0,0,1,1,0
0,0,1,0,0,0,0,0,0,1,3,0,,50,1,0,0,1,1,1
0,0,1,0,0,0,0,1,0,0,4,0,3,85,0,1,0,1,1,0
0,0,1,0,0,0,0,0,1,0,3,1,7,23,0,0,0,0,1,1
0,0,1,0,0,0,0,1,0,0,1,0,1,57,0,0,1,1,1,0
0,0,1,0,0,0,0,1,0,0,1,0,,70,0,0,1,1,1,0
0,0,1,0,0,0,0,1,0,0,3,0,3,52,0,0,0,0,1,1
0,0,1,0,0,0,0,0,0,1,2,0,7,47,0,0,0,0,1,1
1,1,0,1,0,0,0,1,0,0,5,0,8,25,0,0,1,0,1,1
1,1,0,1,0,0,0,0,0,1,2,1,7,53,0,0,1,1,1,1
1,0,0,0,0,0,1,0,0,1,4,1,5,42,0,0,1,1,1,1
1,1,0,1,0,0,0,0,0,1,2,1,,53,0,0,0,0,1,0
1,0,0,0,0,0,1,0,0,1,4,0,8,37,0,0,1,1,1,0
0,0,0,0,0,0,1,0,0,1,3,0,8,42,0,0,0,0,0,1
1,0,1,0,0,0,0,1,0,0,3,1,7,36,0,0,1,1,1,0
1,0,0,0,0,0,1,0,0,1,3,1,8,57,0,0,1,1,1,0
1,0,0,0,0,0,1,0,0,1,1,0,5,62,0,0,0,1,1,1
1,1,0,1,0,0,0,0,0,1,3,1,6,62,0,0,1,1,1,0
0,1,0,1,0,0,0,0,0,1,3,1,2,56,0,0,1,1,1,0
0,0,0,0,0,0,1,0,0,1,3,1,5,34,0,0,0,0,1,0
1,0,0,0,0,0,1,0,0,1,5,1,2,25,0,0,0,0,1,1
0,0,0,0,0,0,1,0,0,1,1,1,2,63,0,0,1,1,1,1
0,0,0,0,0,0,1,0,0,1,3,1,5,51,0,0,0,1,1,1
1,1,0,1,0,0,0,0,1,0,3,1,2,24,0,0,0,0,1,0
1,0,0,0,0,0,1,0,0,1,1,0,,73,0,0,1,0,0,1
0,0,0,0,0,0,1,0,0,1,1,1,1,58,0,0,1,1,1,0
0,0,0,0,0,0,1,0,0,1,3,0,1,32,0,0,0,1,1,1
1,1,0,1,0,0,0,0,1,0,5,1,4,26,0,0,0,0,1,1
0,0,0,0,0,0,1,0,0,1,5,0,4,40,0,0,0,1,1,0
0,0,1,0,0,0,0,0,0,1,5,0,5,61,0,0,0,0,1,0
1,1,0,1,0,0,0,0,1,0,5,1,7,25,0,0,0,0,1,0
0,0,0,0,0,0,1,1,0,0,4,1,6,48,0,0,0,1,1,1
1,1,0,1,0,0,0,0,0,1,5,1,9,40,0,0,1,1,1,0
1,1,0,1,0,0,0,0,0,1,2,1,5,56,0,0,0,1,1,0
1,1,0,1,0,0,0,0,1,0,3,1,9,33,0,0,0,0,1,0
0,0,1,0,0,0,0,0,0,1,4,1,5,44,0,0,0,0,1,0
0,0,0,0,0,0,1,0,0,1,5,1,9,29,0,0,0,0,1,1
1,0,0,0,0,0,1,1,0,0,4,0,8,47,0,0,1,1,1,1
1,1,0,1,0,0,0,0,0,1,3,0,,34,0,0,1,0,1,1
0,0,1,0,0,0,0,1,0,0,1,0,9,87,0,0,0,0,1,1
0,0,0,0,0,0,1,0,1,0,3,1,2,22,0,0,0,0,1,1
0,0,1,0,0,0,0,0,0,1,2,1,,56,1,0,1,1,1,0
0,0,0,0,0,0,1,0,0,1,5,1,5,24,1,0,0,0,1,1
1,0,1,0,0,0,0,0,1,0,2,1,1,37,1,0,1,0,1,1
0,0,0,0,0,0,1,0,1,0,3,1,1,34,1,0,1,0,1,1
1,0,0,0,0,0,1,0,0,0,1,1,,70,1,0,1,1,1,0
0,0,1,0,0,0,0,0,0,1,3,0,1,76,1,0,0,0,1,0
1,0,0,0,0,0,1,0,1,0,3,1,2,36,1,0,0,1,1,0
0,0,1,0,0,0,0,0,0,1,1,0,10,62,0,0,1,1,1,0
0,0,1,0,0,0,0,0,0,1,3,1,2,52,0,0,1,1,1,0
0,0,1,0,0,0,0,0,0,1,5,0,1,57,0,0,0,0,1,1
1,1,0,1,0,0,0,0,0,1,1,1,,72,0,0,0,1,1,0
0,0,1,0,0,0,0,1,0,0,4,0,8,55,0,0,0,0,1,1
0,1,0,1,0,0,0,0,1,0,2,1,10,35,0,0,0,0,1,1
1,0,0,0,0,0,1,0,0,1,3,0,2,23,0,0,0,1,1,1
1,1,0,1,0,0,0,0,1,0,5,1,6,42,0,0,0,1,1,0
0,0,0,0,0,0,1,0,0,1,5,1,10,43,0,0,1,1,1,0
1,1,0,1,0,0,0,0,0,1,1,1,10,69,0,0,1,1,1,0
0,0,0,0,0,0,1,1,0,0,3,1,,57,0,0,1,1,1,1
1,1,0,1,0,0,0,0,1,0,3,1,4,35,0,0,0,1,1,0
0,0,1,0,0,0,0,0,0,1,4,0,,32,0,0,1,0,1,0
1,1,0,1,0,0,0,0,1,0,5,1,9,42,0,0,1,1,1,0
1,1,0,1,0,0,0,0,1,0,4,1,7,58,0,0,0,0,1,0
1,0,0,0,0,0,1,0,1,0,1,1,,24,0,0,0,0,1,1
1,1,0,1,0,0,0,0,1,0,5,1,8,56,0,0,1,1,1,0
1,1,0,1,0,0,0,0,0,1,5,1,7,42,0,0,1,1,1,0
0,0,1,0,0,0,0,1,0,0,1,1,1,86,0,1,1,1,1,0
1,1,0,1,0,0,0,0,0,1,4,1,7,56,0,1,0,1,1,1
1,0,0,0,0,0,1,0,0,1,1,0,,72,0,0,0,0,1,0
0,0,0,0,0,0,1,0,0,1,2,0,3,69,1,0,0,1,1,0
0,1,0,1,0,0,0,0,0,1,3,1,6,53,1,1,0,1,1,1
1,1,0,1,0,0,0,0,1,0,4,1,6,64,1,0,0,1,1,0
1,1,0,1,0,0,0,0,1,0,1,1,1,60,1,0,1,1,1,0
0,0,0,0,0,0,1,0,0,1,5,0,6,56,1,1,0,0,1,1
0,0,1,0,0,0,0,1,0,0,2,0,,87,1,0,0,0,1,1
1,1,0,1,0,0,0,0,0,1,5,1,1,51,1,0,0,1,1,0
0,0,1,0,0,0,0,1,0,0,3,0,2,86,1,1,0,0,1,0
1,1,0,1,0,0,0,0,0,1,3,1,5,47,1,0,0,1,0,1
0,0,0,0,0,0,1,0,0,1,5,0,3,27,1,0,0,0,1,0
0,1,0,1,0,0,0,0,1,0,5,1,3,38,1,0,1,1,1,0
1,0,0,0,0,0,1,1,0,0,5,1,1,24,1,0,0,0,1,0
0,1,0,1,0,0,0,0,0,1,5,1,6,34,1,0,0,0,1,0
0,0,0,0,0,0,1,0,0,1,5,1,6,69,1,1,0,1,1,1
1,1,0,1,0,0,0,0,1,0,3,1,,23,1,0,0,0,1,1
1,0,0,0,0,0,1,0,0,1,5,0,4,22,1,0,0,0,1,1
0,0,0,0,0,0,1,0,0,0,2,1,,34,1,0,1,0,1,0
0,0,0,0,0,0,1,0,0,1,3,1,,24,1,0,0,0,0,0
0,0,0,0,0,0,1,0,0,1,4,1,,39,1,0,0,0,1,0
1,1,0,1,0,0,0,0,0,1,3,1,6,35,0,0,0,1,1,0
1,1,0,1,0,0,0,0,0,1,5,1,7,45,0,0,0,0,1,0
1,1,0,1,0,0,0,0,1,0,3,1,,79,0,0,0,1,1,0
1,1,0,1,0,0,0,0,0,1,5,1,9,53,0,0,1,1,1,0
1,0,1,0,0,0,0,0,0,1,5,1,6,33,0,0,1,0,1,1
0,0,1,0,0,0,0,0,0,1,4,1,10,55,0,0,0,1,1,1
1,1,0,1,0,0,0,0,0,1,5,0,8,32,0,0,0,1,1,1
1,1,0,1,0,0,0,0,1,0,5,1,7,42,0,0,0,1,1,0
1,1,0,1,0,0,0,0,1,0,2,1,4,56,0,0,0,1,1,0
1,1,0,1,0,0,0,0,0,1,5,1,2,30,0,0,1,0,1,1
0,0,0,0,0,0,1,0,1,0,5,1,4,31,0,0,1,0,1,1
0,0,0,0,0,0,1,0,0,1,2,0,2,62,0,1,1,1,1,0
0,0,1,0,0,0,0,0,0,1,5,0,10,48,0,0,0,1,1,1
1,0,0,0,0,0,1,0,1,0,4,1,8,48,0,0,0,1,1,1
0,0,1,0,0,0,0,0,0,1,5,0,9,54,0,1,1,0,0,0
1,0,0,0,0,0,1,0,0,1,3,1,4,45,0,1,1,1,1,0
0,0,0,0,0,0,1,0,1,0,5,0,,27,0,0,1,1,1,1
0,0,0,0,0,0,1,0,0,0,1,0,,72,0,0,1,0,1,0
0,0,1,0,0,0,0,0,0,1,1,1,1,70,1,0,1,1,1,1
0,0,1,0,0,0,0,0,0,1,3,0,4,48,1,1,0,1,1,1
0,0,0,0,0,0,1,0,1,0,2,1,7,47,1,0,0,0,1,0
0,0,0,0,0,0,1,0,0,1,5,1,7,34,1,0,1,1,1,0
0,1,0,1,0,0,0,0,1,0,5,0,3,29,1,0,0,0,1,0
1,1,0,1,0,0,0,0,1,0,1,1,1,75,1,0,1,1,1,0
1,1,0,1,0,0,0,0,1,0,1,1,1,61,1,0,0,1,1,0
0,0,0,0,0,0,1,0,0,1,5,1,,21,1,0,0,1,1,1
0,0,0,0,0,0,1,0,0,1,5,0,6,43,1,0,1,1,1,0
0,0,0,0,0,0,1,0,0,1,2,1,6,54,1,0,1,1,1,0
1,1,0,1,0,0,0,0,0,1,2,1,4,48,1,0,1,1,1,0
0,1,0,1,0,0,0,0,1,0,5,1,2,51,1,0,0,1,1,1
0,0,1,0,0,0,0,0,0,1,1,1,1,64,1,0,1,1,1,0
1,0,0,0,0,0,1,0,1,0,1,1,,74,1,0,0,1,1,0
0,0,0,0,0,0,1,0,0,1,5,0,1,58,1,1,1,0,1,1
1,0,0,0,0,0,1,0,0,1,1,1,1,73,1,0,0,0,1,1
0,0,0,0,0,0,1,0,0,1,4,0,1,53,1,0,0,1,1,1
0,0,0,0,0,0,1,0,0,1,5,0,,46,1,0,1,1,1,1
0,0,0,0,0,0,1,0,0,1,5,1,,30,1,0,1,1,1,1
0,0,1,0,0,0,0,1,0,0,4,0,5,59,1,1,0,1,1,0
0,0,1,0,0,0,0,0,0,1,5,1,8,42,0,1,0,1,1,1
0,0,1,0,0,0,0,1,0,0,2,1,8,60,0,1,1,0,1,1
1,0,0,0,0,0,1,1,0,0,5,0,3,41,0,0,1,1,1,0
1,1,0,1,0,0,0,0,0,1,1,1,,65,0,0,0,1,1,0
0,0,1,0,0,0,0,0,0,1,4,0,7,61,0,0,1,0,1,1
1,0,0,0,0,0,1,0,0,0,2,1,1,50,0,0,1,1,0,0
1,1,0,1,0,0,0,0,0,0,1,1,2,90,0,0,0,0,0,0
1,1,0,1,0,0,0,0,0,1,3,0,2,44,0,0,0,0,1,1
1,1,0,1,0,0,0,0,0,1,2,1,,67,0,0,0,1,1,0
1,0,0,0,0,0,1,0,1,0,5,1,7,24,0,0,1,1,1,1
1,1,0,1,0,0,0,0,1,0,2,1,5,51,0,0,1,1,1,0
1,1,0,1,0,0,0,0,0,1,5,0,3,37,0,0,1,0,1,0
0,0,1,0,0,0,0,1,0,0,5,0,9,55,0,0,0,0,1,1
0,0,1,0,0,0,0,1,0,0,3,1,8,42,0,0,0,0,1,1
1,1,0,1,0,0,0,0,1,0,5,1,10,21,0,0,0,0,1,0
0,0,1,0,0,0,0,1,0,0,5,0,1,68,0,0,0,1,1,1
1,1,0,1,0,0,0,1,0,0,1,0,1,54,0,0,1,1,1,0
0,0,1,0,0,0,0,1,0,0,3,0,,52,0,1,0,1,1,1
1,0,0,0,0,0,1,0,0,0,5,1,,26,0,0,1,1,1,1
0,0,0,0,0,0,1,0,0,1,1,0,7,66,0,0,0,1,1,0
0,0,0,0,0,0,1,0,0,1,3,0,,43,1,0,0,0,1,0
0,0,0,0,0,0,1,0,0,0,1,0,,71,1,0,1,0,1,0
1,1,0,1,0,0,0,0,0,1,3,1,1,57,0,0,1,1,1,0
0,0,1,0,0,0,0,0,0,1,5,0,9,23,0,1,0,0,1,1
0,0,1,0,0,0,0,0,0,1,5,1,9,37,0,1,1,1,1,0
1,0,0,0,0,0,1,0,0,1,2,0,2,64,0,1,0,1,1,0
1,1,0,1,0,0,0,0,0,1,2,1,4,50,0,0,1,1,1,0
0,0,1,0,0,0,0,0,0,1,2,1,5,64,0,0,1,1,1,1
0,0,0,0,0,0,1,0,0,1,5,0,10,46,0,0,1,0,1,1
1,0,0,0,0,0,1,0,1,0,5,1,5,28,0,0,1,0,1,1
1,1,0,1,0,0,0,0,1,0,3,1,,64,0,0,1,1,1,0
0,0,1,0,0,0,0,0,0,1,3,1,6,36,0,0,0,0,1,1
0,0,0,0,1,0,0,0,0,1,5,1,4,25,0,0,1,0,1,0
0,0,1,0,0,0,0,0,1,0,5,1,4,29,0,0,0,1,1,1
1,0,0,0,0,0,1,0,1,0,5,1,,27,0,0,0,0,1,0
1,1,0,1,0,0,0,0,1,0,2,1,4,80,0,0,1,0,1,1
1,1,0,1,0,0,0,0,1,0,5,1,8,31,0,0,0,1,1,0
0,0,1,0,0,0,0,0,0,1,5,1,6,36,0,0,1,0,1,0
1,1,0,1,0,0,0,0,0,1,4,0,10,50,0,0,1,1,1,0
1,0,0,0,1,0,0,0,1,0,5,0,6,24,0,0,1,1,1,1
0,0,1,0,0,0,0,0,0,1,5,0,6,40,0,0,0,0,1,1
0,0,1,0,0,0,0,0,0,1,3,1,4,49,0,0,0,0,1,1
0,0,1,0,0,0,0,0,1,0,5,1,4,20,0,0,1,0,1,1
1,0,0,0,0,0,1,0,1,0,5,1,,30,1,0,0,0,1,0
1,1,0,1,0,0,0,1,0,0,5,0,9,59,1,0,0,1,1,1
1,1,0,1,0,0,0,0,1,0,5,0,10,63,1,0,0,1,0,0
1,1,0,1,0,0,0,0,0,1,5,1,8,49,1,0,0,1,1,1
0,0,0,0,0,0,1,0,1,0,5,1,10,30,1,0,1,1,1,1
0,0,1,0,0,0,0,0,0,1,4,0,4,47,1,0,1,1,1,0
1,1,0,1,0,0,0,0,0,1,1,1,,84,1,0,1,1,1,0
0,0,0,0,0,0,1,1,0,0,1,1,4,65,1,0,1,1,1,1
1,1,0,1,0,0,0,0,1,0,5,1,10,31,1,0,0,0,1,0
1,0,0,0,0,0,1,0,0,0,1,1,1,54,1,0,1,0,1,0
0,0,1,0,0,0,0,1,0,0,1,0,3,61,1,0,0,0,1,1
0,0,0,0,0,0,0,0,0,1,5,0,8,52,0,0,0,0,0,0
1,1,0,1,0,0,0,0,1,0,3,1,,26,0,0,1,1,1,0
0,0,1,0,0,0,0,0,0,1,5,0,8,30,0,0,0,1,1,0
0,0,1,0,0,0,0,0,0,1,3,0,10,58,0,0,0,0,1,1
0,0,1,0,0,0,0,0,0,1,5,0,9,49,0,0,0,1,1,1
1,0,0,0,0,0,1,0,0,1,5,0,8,26,0,0,0,0,1,1
0,0,1,0,0,0,0,0,0,1,3,0,7,68,0,0,1,0,1,1
1,1,0,1,0,0,0,0,1,0,2,1,1,61,0,0,0,0,1,0
1,1,0,1,0,0,0,0,1,0,5,1,10,22,0,0,1,1,1,1
0,0,0,0,0,0,1,0,0,1,5,1,8,26,0,0,0,0,1,0
1,1,0,1,0,0,0,0,1,0,3,1,8,64,0,0,0,0,1,1
0,0,1,0,0,0,0,0,0,1,4,0,2,47,0,0,1,0,1,0
0,0,1,0,0,0,0,0,0,1,3,0,7,64,0,1,0,1,1,1
0,0,0,0,0,0,1,1,0,0,2,0,1,52,0,1,0,1,1,1
1,1,0,1,0,0,0,0,1,0,5,1,8,67,0,0,0,1,1,1
1,1,0,1,0,0,0,0,0,1,4,1,2,40,0,0,0,1,1,1
0,0,0,0,0,0,1,0,0,1,5,0,,31,0,0,1,0,1,1
0,0,0,0,0,0,1,0,0,1,3,0,6,58,1,0,1,1,1,0
1,1,0,1,0,0,0,0,1,0,4,1,6,57,1,0,0,1,1,0
0,0,1,0,0,0,0,1,0,0,5,0,3,38,1,0,0,1,1,1
0,0,1,0,0,0,0,0,0,1,3,0,3,42,1,0,1,1,1,1
0,0,0,0,0,0,1,1,0,0,1,0,1,68,1,1,0,0,1,0
1,0,0,0,0,0,1,0,0,1,3,1,8,48,1,0,1,1,1,0
0,0,0,0,0,0,1,0,1,0,5,0,7,41,1,0,0,1,1,0
1,1,0,1,0,0,0,0,0,1,1,1,6,60,1,0,0,0,1,1
1,1,0,1,0,0,0,0,0,1,1,1,1,66,1,0,1,0,1,0
1,1,0,1,0,0,0,0,1,0,3,1,,82,1,0,1,0,1,0
1,1,0,1,0,0,0,0,1,0,5,1,,44,1,0,1,1,1,0
0,1,0,1,0,0,0,0,1,0,5,1,9,22,0,0,1,1,1,1
0,0,0,0,0,0,1,0,0,1,4,0,3,21,0,0,0,0,1,1
0,0,0,0,0,0,1,0,0,0,2,1,2,57,0,0,1,0,1,0
0,0,0,0,0,0,1,0,0,1,3,0,3,32,0,0,0,1,1,0
1,1,0,1,0,0,0,0,0,1,1,1,1,63,0,0,1,0,1,0
1,1,0,1,0,0,0,0,1,0,3,1,8,49,0,0,0,1,1,1
1,1,0,1,0,0,0,0,1,0,5,1,10,54,0,0,0,0,1,1
1,0,0,0,0,0,1,0,0,0,1,1,1,81,0,0,1,0,0,0
1,1,0,1,0,0,0,0,1,0,1,1,10,60,0,0,0,1,1,0
0,0,0,0,0,0,1,1,0,0,1,0,,60,1,0,1,0,0,0
1,1,0,1,0,0,0,0,1,0,3,1,,62,0,0,1,1,1,0
0,0,1,0,0,0,0,0,0,1,3,0,5,41,0,1,1,0,1,1
0,0,1,0,0,0,0,1,0,0,1,1,9,73,0,0,1,0,1,1
1,0,0,0,0,0,1,0,0,1,5,1,5,29,0,0,1,0,1,0
0,0,1,0,0,0,0,0,0,1,1,1,2,83,0,1,0,0,1,1
1,1,0,1,0,0,0,0,1,0,5,1,7,50,0,0,0,1,1,1
0,0,0,0,0,0,1,1,0,0,5,0,10,62,0,1,0,0,1,0
0,0,1,0,0,0,0,1,0,0,4,0,8,75,0,0,0,0,1,1
1,1,0,1,0,0,0,0,1,0,4,1,9,52,0,0,1,1,1,1
1,0,0,0,0,0,1,0,0,1,5,1,9,43,0,0,1,0,1,1
0,0,1,0,0,0,0,0,0,1,4,0,5,34,0,0,0,0,1,1
1,0,0,0,0,0,1,0,0,1,5,1,3,34,0,0,0,1,1,1
1,1,0,1,0,0,0,0,1,0,3,1,8,55,0,0,1,1,1,0
1,1,0,1,0,0,0,1,0,0,1,0,1,76,0,0,0,1,1,0
1,1,0,1,0,0,0,0,1,0,5,1,4,38,1,0,0,1,1,0
1,1,0,0,0,1,0,0,1,0,5,1,,58,1,0,1,1,1,0
0,0,0,0,0,0,1,0,0,0,,0,2,73,1,0,0,1,0,0
0,0,0,0,0,0,1,0,0,1,4,1,,37,1,0,0,0,1,0
1,1,0,1,0,0,0,1,0,0,2,0,10,60,1,0,1,1,1,0
0,0,1,0,0,0,0,0,0,1,4,1,4,55,1,1,1,1,1,0
1,1,0,1,0,0,0,0,0,1,2,1,,73,1,1,0,0,1,1
0,0,0,0,0,0,1,0,0,1,4,0,8,44,1,0,0,0,1,1
0,0,1,0,0,0,0,0,0,1,5,1,9,55,1,0,1,1,1,1
1,1,0,1,0,0,0,1,0,0,5,1,6,69,1,0,0,1,1,0
0,0,1,0,0,0,0,1,0,0,5,0,10,68,1,0,0,1,1,0
0,0,1,0,0,0,0,0,0,1,5,0,6,28,0,0,1,0,1,1
0,0,0,0,0,0,1,0,0,0,5,0,10,42,0,0,0,1,1,1
1,1,0,1,0,0,0,0,1,0,5,1,9,35,0,0,0,0,1,1
1,0,0,0,0,0,1,0,1,0,5,1,,24,0,0,0,1,1,1
1,1,0,1,0,0,0,0,0,1,2,1,1,66,0,0,1,1,1,0
0,0,0,0,0,0,1,0,0,1,3,0,3,47,0,0,0,0,1,0
0,0,1,0,0,0,0,0,0,1,3,0,7,34,0,1,0,0,1,0
1,1,0,0,0,1,0,0,0,1,5,1,9,43,0,0,1,1,1,0
1,1,0,1,0,0,0,0,1,0,3,0,3,50,0,0,1,1,1,1
0,0,1,0,0,0,0,1,0,0,5,0,6,70,0,1,0,1,1,0
1,1,0,1,0,0,0,0,1,0,5,1,5,41,0,0,1,1,1,0
1,1,0,1,0,0,0,0,0,1,1,1,1,66,0,0,0,1,1,0
1,1,0,1,0,0,0,0,1,0,5,1,7,31,0,0,0,0,1,0
1,0,0,0,0,0,1,1,0,0,5,1,10,28,1,1,0,0,1,1
1,1,0,1,0,0,0,0,1,0,1,1,1,76,1,0,0,0,1,0
1,0,0,0,0,0,1,1,0,0,2,1,2,55,1,0,0,1,1,0
1,0,1,0,0,0,0,0,0,1,1,0,1,65,1,0,1,1,1,0
0,0,0,0,0,0,1,0,0,1,3,0,9,41,0,0,0,1,1,1
0,0,0,0,0,0,1,0,0,1,3,0,1,29,0,0,0,0,1,1
1,1,0,1,0,0,0,0,0,1,3,1,6,52,0,0,0,1,1,1
0,0,1,0,0,0,0,0,0,0,1,1,,77,0,0,1,0,1,0
1,1,0,1,0,0,0,0,1,0,5,1,8,26,0,0,0,1,1,1
0,0,1,0,0,0,0,1,0,0,1,0,9,68,0,0,0,0,1,1
1,0,0,0,0,0,1,0,0,1,1,1,1,56,0,0,1,1,1,1
0,0,1,0,0,0,0,0,0,1,4,0,8,46,0,0,1,1,0,1
0,0,0,0,0,0,1,1,0,0,,0,,56,0,0,1,1,1,1
1,0,0,0,0,0,1,1,0,0,5,0,,49,0,0,0,0,1,0
1,1,0,1,0,0,0,0,1,0,3,1,10,54,0,0,1,0,1,0
0,0,1,0,0,0,0,0,0,1,3,0,1,44,0,0,1,0,1,0
0,0,0,0,0,0,1,0,0,1,3,0,8,47,0,0,0,0,0,1
1,0,1,0,0,0,0,0,1,0,5,1,,22,0,0,1,0,1,1
0,0,1,0,0,0,0,0,0,1,5,0,8,49,0,0,0,0,1,1
0,0,1,0,0,0,0,0,0,1,5,0,9,38,0,0,1,0,1,1
1,1,0,1,0,0,0,0,1,0,5,1,,22,1,0,1,0,1,0
1,1,0,1,0,0,0,0,1,0,4,1,10,65,1,0,0,1,1,0
1,1,0,1,0,0,0,0,1,0,5,1,8,25,1,0,1,0,1,0
1,0,0,0,0,0,1,0,1,0,2,1,6,57,1,0,0,1,1,0
1,0,0,0,0,0,1,0,0,1,1,1,,66,0,0,1,0,1,1
0,0,0,0,0,0,1,0,0,0,2,0,,61,0,0,0,1,1,0
0,0,0,0,0,0,1,0,0,1,5,0,1,55,0,1,1,0,1,1
1,1,0,1,0,0,0,0,1,0,3,1,6,38,0,0,1,1,1,0
1,0,0,0,0,0,1,0,1,0,2,1,9,63,0,0,1,0,1,0
1,0,0,0,0,0,1,0,1,0,5,0,6,45,0,0,1,1,1,0
1,1,0,1,0,0,0,0,1,0,2,1,3,49,0,0,0,1,1,0
0,0,0,0,0,0,0,0,0,1,,0,1,39,0,0,1,0,1,0
0,0,1,0,0,0,0,0,0,1,4,1,,69,0,0,1,0,1,1
0,0,1,0,0,0,0,1,0,0,3,0,6,53,0,1,0,0,0,1
1,1,0,1,0,0,0,0,1,0,5,1,7,42,0,0,0,1,1,0
1,0,0,0,0,0,1,0,1,0,2,1,5,68,0,0,0,1,1,0
0,0,1,0,0,0,0,0,0,1,5,1,6,21,0,0,1,0,1,1
1,1,0,1,0,0,0,0,0,1,2,1,2,58,1,0,1,1,1,1
1,0,0,0,0,0,1,0,0,0,1,1,1,78,1,0,1,0,1,1
0,0,0,0,0,0,1,0,1,0,4,1,6,45,0,0,0,1,1,0
1,1,0,1,0,0,0,0,1,0,5,1,,34,0,0,0,1,1,0
0,0,1,0,0,0,0,0,0,1,3,0,4,58,0,0,0,1,1,1
1,1,0,1,0,0,0,0,0,1,3,1,,76,0,0,0,0,1,0
0,0,1,0,0,0,0,0,0,1,3,0,3,57,0,1,0,0,1,1
1,0,0,0,0,0,1,0,0,1,5,1,10,53,0,0,0,0,1,0
0,0,0,0,0,0,1,0,0,1,5,0,2,72,0,1,0,1,1,0
0,0,0,0,1,0,0,0,0,1,4,0,3,61,0,1,0,1,1,0
0,0,0,0,0,0,1,0,0,0,1,1,,67,0,0,1,0,1,1
1,0,0,0,0,0,1,0,0,1,5,0,3,79,0,0,0,0,1,1
0,1,0,1,0,0,0,0,0,1,5,1,3,35,0,0,0,0,1,1
0,0,0,0,0,0,1,0,0,1,4,0,10,40,0,0,1,0,1,1
1,1,0,1,0,0,0,0,0,1,5,0,9,57,1,0,1,1,1,1
0,0,1,0,0,0,0,0,1,0,3,0,7,44,0,1,1,0,1,1
0,0,1,0,0,0,0,0,0,1,1,0,,81,0,1,0,1,1,0
0,0,1,0,0,0,0,0,0,1,4,0,2,67,0,1,1,1,1,1
0,0,0,0,0,0,1,0,1,0,3,1,2,50,0,0,1,1,1,0
1,1,0,1,0,0,0,0,0,1,1,1,4,60,0,0,1,1,1,0
0,0,1,0,0,0,0,0,0,1,5,0,10,48,0,0,0,0,1,1
1,1,0,1,0,0,0,0,0,1,5,1,6,35,0,0,1,0,1,1
1,1,0,1,0,0,0,0,1,0,3,1,5,63,0,0,1,1,1,0
1,1,0,1,0,0,0,0,0,1,5,1,8,28,0,0,1,0,1,1
1,1,0,1,0,0,0,0,1,0,3,1,4,71,0,0,1,1,1,0
0,0,0,0,0,0,1,0,0,1,4,1,,66,0,0,0,1,1,0
0,0,1,0,0,0,0,0,0,1,5,0,10,30,0,0,0,1,1,1
0,0,1,0,0,0,0,0,0,1,5,0,6,67,0,0,0,1,1,1
0,0,1,0,0,0,0,0,0,1,5,0,9,37,0,0,1,1,1,0
1,0,1,0,0,0,0,0,1,0,5,1,9,21,1,1,1,0,1,1
0,0,0,0,0,0,1,0,0,1,1,1,,63,1,0,1,1,1,0
1,1,0,1,0,0,0,0,0,1,5,1,6,41,0,0,0,0,1,0
1,1,0,1,0,0,0,0,1,0,4,1,9,59,0,0,1,1,1,0
0,0,1,0,0,0,0,0,0,1,2,0,4,65,0,0,1,1,1,1
1,1,0,0,0,1,0,0,1,0,3,1,4,48,0,0,0,0,1,0
0,0,0,0,0,0,1,0,0,1,1,1,2,67,0,0,1,1,1,0
0,0,1,0,0,0,0,0,0,1,2,1,1,49,0,0,0,0,1,1
0,0,1,0,0,0,0,0,0,1,4,1,9,49,0,0,1,1,1,0
0,0,0,0,0,0,1,0,1,0,5,1,10,25,0,1,1,0,1,1
0,0,1,0,0,0,0,0,0,1,5,0,7,67,0,1,0,1,1,0
0,0,0,0,0,0,1,0,0,1,4,0,10,40,0,1,0,0,1,0
0,0,1,0,0,0,0,1,0,0,5,0,10,29,0,1,0,0,1,1
0,0,1,0,0,0,0,1,0,0,2,0,4,76,0,0,1,0,1,1
0,0,0,0,0,0,1,0,0,1,1,1,4,82,0,0,0,1,1,0
0,0,0,0,0,0,1,0,0,1,2,0,3,59,0,1,1,0,1,1
0,0,0,0,0,0,1,0,0,1,2,0,7,55,0,0,1,0,1,0
0,0,0,0,0,0,1,0,0,0,1,1,1,68,0,0,1,0,0,1
0,0,0,0,0,0,1,0,0,1,4,0,8,35,0,0,1,0,1,1
0,0,1,0,0,0,0,0,0,1,4,1,8,62,0,1,1,1,1,1
0,0,1,0,0,0,0,0,0,1,3,0,10,50,0,0,1,0,1,1
0,0,1,0,0,0,0,0,1,0,5,1,10,57,0,0,0,1,1,1
0,0,0,0,0,0,1,0,0,1,5,1,,23,0,0,0,0,1,0
1,1,0,1,0,0,0,0,0,1,5,1,10,39,0,0,1,1,1,0
1,1,0,1,0,0,0,0,0,1,2,1,5,35,0,0,0,1,1,1
1,1,0,1,0,0,0,0,1,0,5,1,9,24,0,0,0,0,1,1
1,1,0,1,0,0,0,0,1,0,3,1,3,58,0,0,0,1,1,1
0,0,1,0,0,0,0,0,1,0,5,1,7,22,0,1,0,0,1,1
1,1,0,1,0,0,0,0,0,1,5,1,5,48,0,0,0,0,1,1
0,0,1,0,0,0,0,1,0,0,3,0,8,43,0,0,1,0,1,0
0,0,1,0,0,0,0,0,0,1,5,1,9,64,0,0,1,1,1,1
0,0,1,0,0,0,0,0,0,1,5,1,9,27,0,0,1,1,1,0
1,0,0,0,0,0,1,0,0,1,4,1,5,38,0,0,1,0,1,0
0,0,0,0,0,0,1,0,0,1,5,1,,30,0,0,0,1,1,1
0,0,1,0,0,0,0,0,0,1,4,0,,36,0,0,1,0,1,1
0,0,0,0,0,0,1,0,0,1,5,0,10,37,0,1,1,0,1,1
1,1,0,1,0,0,0,0,1,0,5,1,7,27,0,0,0,1,1,1
1,1,0,1,0,0,0,0,1,0,2,1,,68,0,0,1,1,1,0
1,1,0,1,0,0,0,0,1,0,4,1,8,39,0,0,1,0,1,0
1,0,0,0,0,0,1,0,1,0,5,1,7,50,0,0,1,1,1,1
1,1,0,1,0,0,0,0,1,0,5,1,4,25,0,0,1,0,1,0
0,0,1,0,0,0,0,0,0,1,4,0,3,55,0,1,1,0,1,1
0,0,0,0,0,0,1,0,0,1,3,0,10,27,0,0,0,1,1,0
1,1,0,1,0,0,0,0,0,1,2,1,,64,0,0,0,1,1,0
0,0,1,0,0,0,0,0,0,1,3,1,5,48,0,0,1,1,1,0
1,1,0,1,0,0,0,0,1,0,1,1,3,75,0,0,1,1,1,0
0,0,0,0,0,0,1,0,0,1,4,0,5,40,0,0,0,0,1,0
1,1,0,1,0,0,0,0,1,0,5,1,10,39,0,0,1,1,1,0
1,1,0,1,0,0,0,0,0,1,2,0,2,54,0,0,0,0,1,0
0,0,0,0,0,0,1,0,0,1,3,0,,53,0,0,1,0,1,1
0,0,0,0,0,0,1,1,0,0,1,0,10,66,0,0,1,1,1,0
0,0,1,0,0,0,0,0,0,0,1,0,1,77,0,0,1,0,0,0
0,0,1,0,0,0,0,0,0,1,3,0,5,54,0,0,0,1,1,1
0,0,0,0,0,0,1,0,0,1,4,1,7,61,0,0,0,0,1,1
0,0,1,0,0,0,0,0,1,0,3,1,7,21,0,0,0,0,1,1
0,0,0,0,0,0,1,0,0,1,3,1,,59,0,0,0,0,1,0
1,1,0,1,0,0,0,0,1,0,3,1,1,45,0,0,1,0,1,0
1,0,0,0,0,0,1,0,0,1,5,0,8,38,0,0,1,1,1,1
0,0,0,0,0,0,1,0,0,1,5,0,10,43,0,0,0,1,1,1
0,0,0,0,0,0,1,0,0,1,5,1,9,51,0,1,0,1,1,1
1,1,0,1,0,0,0,0,0,1,1,1,3,67,0,0,1,0,1,0
1,0,0,0,0,0,1,0,0,0,1,1,1,68,0,0,0,0,1,0
1,1,0,1,0,0,0,0,1,0,5,1,6,23,0,0,1,0,1,1
1,1,0,1,0,0,0,0,0,1,,0,,65,0,0,0,1,1,0
0,0,0,0,0,0,1,0,0,1,5,1,3,37,0,0,1,1,1,1
0,0,1,0,0,0,0,0,0,1,5,0,7,29,0,0,0,0,1,1
0,0,0,0,0,0,1,0,1,0,3,0,,24,0,0,1,0,1,0
0,0,0,0,1,0,0,0,0,1,1,1,5,68,0,0,1,1,1,1
0,1,0,1,0,0,0,0,1,0,1,1,4,63,0,0,1,1,1,0
0,0,1,0,0,0,0,0,0,1,3,0,1,60,0,1,1,0,1,1
0,1,0,1,0,0,0,0,0,1,4,1,4,30,0,0,0,0,0,1
1,1,0,1,0,0,0,0,0,1,3,0,10,43,0,0,0,1,1,0
1,1,0,1,0,0,0,0,0,1,,1,,39,0,0,1,1,1,0
1,0,0,0,0,0,1,0,0,1,1,1,5,63,0,0,1,1,1,0
1,1,0,1,0,0,0,0,1,0,5,1,2,63,0,0,1,1,1,0
1,0,0,0,0,0,1,0,0,1,5,0,8,36,0,1,0,0,1,1
0,0,0,0,1,0,0,0,0,1,4,1,6,56,0,0,0,0,1,1
1,0,0,0,0,0,1,0,0,1,3,0,8,25,0,0,0,1,1,1
0,0,0,0,0,0,1,0,0,1,5,1,6,37,0,0,1,1,1,0
0,0,1,0,0,0,0,0,0,1,4,0,8,60,0,0,1,0,1,1
1,1,0,1,0,0,0,0,0,1,5,1,9,34,0,0,1,0,1,0
1,1,0,1,0,0,0,0,1,0,2,1,1,74,0,0,0,1,1,0
1,1,0,1,0,0,0,0,1,0,4,1,8,59,0,0,0,0,1,1
0,0,1,0,0,0,0,0,0,1,4,0,10,54,0,1,1,0,1,1
0,0,1,0,0,0,0,0,0,1,4,0,7,51,0,0,1,0,0,0
0,0,0,0,0,0,1,0,1,0,3,1,1,62,0,0,0,1,1,1
1,1,0,1,0,0,0,0,0,1,5,0,9,44,0,0,1,0,1,0
0,0,1,0,0,0,0,1,0,0,3,0,1,57,0,0,0,1,1,1
0,0,1,0,0,0,0,1,0,0,1,0,5,59,0,1,1,0,1,0
1,0,1,0,0,0,0,0,1,0,3,1,3,52,0,0,1,1,1,1
1,1,0,1,0,0,0,0,1,0,5,1,10,38,0,1,1,1,1,0
1,1,0,1,0,0,0,0,0,1,5,1,8,25,0,0,1,1,1,0
1,1,0,1,0,0,0,0,1,0,3,0,10,49,0,0,1,0,1,1
1,1,0,1,0,0,0,0,1,0,3,1,1,50,0,0,0,1,1,1
0,0,0,0,0,0,1,0,1,0,4,1,10,39,0,0,1,0,1,1
1,1,0,0,0,1,0,0,1,0,5,1,7,36,0,0,0,1,1,0
1,0,0,0,0,0,1,0,0,1,5,0,,22,0,0,1,0,1,1
0,0,1,0,0,0,0,1,0,0,4,0,5,67,0,1,0,1,1,0
1,1,0,1,0,0,0,0,1,0,3,1,1,54,0,0,0,1,1,0
1,0,0,0,0,0,1,1,0,0,1,0,1,81,0,0,0,0,1,0
1,0,0,0,0,0,1,0,0,1,3,1,3,49,0,0,1,0,1,0
1,1,0,1,0,0,0,0,0,1,1,1,,67,0,0,0,1,1,0
1,0,0,0,0,0,1,0,0,1,3,1,1,40,0,0,0,0,1,1
0,0,0,0,0,0,1,0,0,1,2,0,1,66,0,1,0,0,1,0
0,0,0,0,0,0,1,0,0,1,3,0,2,37,0,1,1,1,1,0